id,first_name,last_name,auto,rating,city
1,Нурсултан,Жумаев,1494,5.957446808510638,Реутов
2,Шамиль,Абдурахман,1798,6.5523255813953485,Москва
3,Мурад,Абдурахман,850,6.529411764705882,Железнодорожный
4,Рустам,Назаров,940,7.3107569721115535,Долгопрудный
5,Дильшод,Касымов,1439,5.440993788819876,Москва
6,Саид,Юсупов,641,5.913385826771654,Мытищи
7,Сафия,Багаева,1013,6.217898832684825,Химки
8,Магомед,Гаджиев,287,6.028169014084507,Москва
9,Лейла,Шарипова,596,5.907949790794979,Москва
10,Темирлан,Каримов,1600,6.626943005181347,Мытищи
11,Гамид,Караев,247,7.681159420289855,Балашиха
12,Зара,Гаджиева,1305,9.088888888888889,Москва
13,Дильшод,Алимов,345,7.925093632958801,Люберцы
14,Эльнур,Назаров,784,6.379464285714286,Долгопрудный
15,Рустам,Жумаев,1467,5.975757575757576,Москва
16,Фатима,Саидова,414,6.066666666666666,Москва
17,Рамазан,Шарипов,1723,7.744186046511628,Москва
18,Рамазан,Юсупов,891,6.919148936170213,Москва
19,Мурад,Багаев,391,6.148837209302326,Москва
20,Рустам,Саидов,1262,5.547169811320755,Москва
21,Эльнур,Абдуллаев,208,7.643171806167401,Москва
22,Ислам,Абдуллаев,1263,5.215311004784689,Королев
23,Нурсултан,Рахимов,922,8.724832214765101,Мытищи
24,Хасан,Шарипов,1443,7.063157894736842,Москва
25,Михаил,Попов,731,8.8,Химки
26,Дильшод,Назаров,1283,6.598765432098766,Москва
27,Залим,Шарипов,1598,6.260162601626016,Москва
28,Жомарт,Жумаев,741,6.662037037037037,Москва
29,Шахноза,Алимова,768,9.670886075949367,Москва
30,Аслан,Караев,952,6.432,Мытищи
31,Расул,Саидов,377,7.537313432835821,Москва
32,Эльнур,Юсупов,1664,6.325925925925926,Балашиха
33,Рахмат,Жумаев,1560,5.601307189542483,Мытищи
34,Рустам,Мирзаев,461,5.897540983606557,Мытищи
35,Хасан,Гаджиев,1312,5.96652719665272,Химки
36,Залим,Ахмед,41,7.894495412844036,Балашиха
37,Залим,Багаев,193,6.390977443609023,Москва
38,Темирлан,Саидов,1547,6.55241935483871,Королев
39,Мурад,Джабраилов,532,6.1923076923076925,Москва
40,Темирлан,Алимов,10,5.46875,Долгопрудный
41,Амина,Шарипова,705,8.573643410852712,Москва
42,Залим,Ахмед,839,7.078740157480315,Москва
43,Хасан,Магомедов,1505,7.298701298701299,Королев
44,Нурсултан,Мирзаев,147,6.142307692307693,Железнодорожный
45,Олег,Морозов,34,6.88546255506608,Москва
46,Шамиль,Саидов,1289,7.642857142857143,Химки
47,Алишер,Абдуллаев,1765,6.111607142857143,Мытищи
48,Евгений,Кузнецов,11,6.445714285714286,Москва
49,Рустам,Алимов,30,6.178082191780822,Люберцы
50,Жомарт,Юсупов,819,6.658914728682171,Москва
51,Айша,Багаева,1737,7.298245614035087,Москва
52,Залим,Алиев,1474,6.0,Химки
53,Дмитрий,Козлов,986,6.0311111111111115,Химки
54,Эльнур,Алимов,1610,6.346153846153846,Королев
55,Ислам,Юсупов,309,6.461187214611872,Москва
56,Евгений,Сидоров,559,5.273127753303965,Балашиха
57,Темирлан,Турдиев,48,6.086956521739131,Люберцы
58,Ислам,Гаджиев,1107,5.522633744855967,Балашиха
59,Владимир,Козлов,1615,6.51004016064257,Москва
60,Владимир,Иванов,1497,7.175097276264592,Балашиха
61,Жомарт,Алимов,138,6.338709677419355,Железнодорожный
62,Эльнур,Алимов,1546,6.577092511013216,Москва
63,Бауржан,Саидов,406,6.736170212765957,Балашиха
64,Хасан,Саидов,1626,5.975206611570248,Москва
65,Алишер,Абдуллаев,1228,7.382978723404255,Москва
66,Николай,Козлов,1483,6.6455696202531644,Москва
67,Евгений,Сидоров,1805,6.628318584070796,Подольск
68,Иван,Попов,893,7.4520547945205475,Москва
69,Рахмат,Касымов,37,7.163522012578617,Москва
70,Юлия,Лебедева,1579,7.142857142857143,Балашиха
71,Рамазан,Исаев,1775,7.888888888888889,Королев
72,Рамазан,Саидов,1490,4.792857142857143,Москва
73,Магомед,Багаев,620,6.8,Москва
74,Рахмат,Абдрахманов,312,7.278008298755187,Люберцы
75,Дильшод,Турдиев,869,6.969924812030075,Железнодорожный
76,Гамид,Абдуллаев,112,6.71806167400881,Долгопрудный
77,Магомед,Юсупов,443,5.452755905511811,Железнодорожный
78,Залим,Магомедов,252,8.32934131736527,Москва
79,Нурсултан,Назаров,485,5.410810810810811,Москва
80,Магомед,Караев,823,6.743494423791821,Химки
81,Дильшод,Каримов,1756,5.875,Москва
82,Михаил,Попов,939,5.5177304964539005,Москва
83,Диля,Юсупова,967,7.8884297520661155,Королев
84,Евгений,Иванов,1711,6.477678571428571,Москва
85,Магомед,Саидов,20,6.204225352112676,Подольск
86,Рамазан,Багаев,148,5.192468619246862,Реутов
87,Эльнур,Жумаев,867,5.177777777777778,Железнодорожный
88,Сергей,Лебедев,330,6.943127962085308,Королев
89,Темирлан,Махмудов,504,5.5,Москва
90,Елена,Козлова,390,7.037878787878788,Химки
91,Николай,Лебедев,1245,5.850393700787402,Москва
92,Рамазан,Ахмед,1481,6.319838056680162,Железнодорожный
93,Михаил,Кузнецов,697,6.390350877192983,Мытищи
94,Хасан,Шарипов,1781,6.255813953488372,Москва
95,Инса,Абдуллаева,366,5.129554655870446,Люберцы
96,Елена,Петрова,1689,5.445378151260504,Реутов
97,Владимир,Лебедев,834,6.8370044052863435,Москва
98,Алексей,Новиков,188,6.463519313304721,Москва
99,Алишер,Рахимов,224,7.315315315315315,Москва
100,Мурад,Абдуллаев,724,5.603896103896104,Москва
101,Дильшод,Юсупов,1623,6.728813559322034,Люберцы
102,Сафия,Ахмед Оглы,61,6.5212121212121215,Королев
103,Анна,Лебедева,936,7.579710144927536,Москва
104,Расул,Абдуллаев,676,5.555555555555555,Москва
105,Расул,Ахмед,740,6.804,Подольск
106,Хасан,Гаджиев,40,6.166037735849057,Москва
107,Рамазан,Ахмед,695,6.331967213114754,Люберцы
108,Дильшод,Касымов,727,6.69672131147541,Железнодорожный
109,Хасан,Багаев,1169,6.174418604651163,Москва
110,Жомарт,Назаров,1446,4.905405405405405,Мытищи
111,Ислам,Багаев,1275,7.011764705882353,Москва
112,Залим,Исаев,499,5.475609756097561,Балашиха
113,Анна,Морозова,709,6.359307359307359,Москва
114,Рахмат,Абдрахманов,346,5.581081081081081,Железнодорожный
115,Гамид,Магомедов,336,6.352459016393443,Москва
116,Рамазан,Багаев,895,5.790178571428571,Химки
117,Амина,Алиева,744,6.10091743119266,Москва
118,Мария,Иванова,1177,7.068548387096774,Балашиха
119,Мурад,Ахмед,228,6.070588235294117,Мытищи
120,Феруза,Алимова,1068,7.025,Реутов
121,Магомед,Шарипов,552,5.8861788617886175,Москва
122,Аслан,Магомедов,371,6.6103896103896105,Москва
123,Расул,Саидов,884,6.98406374501992,Москва
124,Эльнур,Абдрахманов,1596,6.86697247706422,Москва
125,Павел,Морозов,665,7.015037593984962,Москва
126,Магомед,Ахмед,383,6.660130718954249,Люберцы
127,Магомед,Абдурахман,1722,4.917910447761194,Москва
128,Ислам,Джабраилов,678,4.961832061068702,Балашиха
129,Рахмат,Рахимов,981,8.532051282051283,Королев
130,Бауржан,Саидов,271,5.970954356846473,Железнодорожный
131,Аслан,Абдуллаев,1685,6.092165898617512,Королев
132,Сергей,Смирнов,1462,6.8076923076923075,Москва
133,Жомарт,Жумаев,1735,7.708695652173913,Мытищи
134,Мурад,Саидов,1406,5.900398406374502,Москва
135,Николай,Морозов,1007,6.163090128755365,Москва
136,Бауржан,Касымов,628,7.068181818181818,Железнодорожный
137,Нурсултан,Абдрахманов,196,5.982142857142857,Москва
138,Дмитрий,Новиков,510,5.806569343065694,Москва
139,Дильшод,Саидов,488,5.090909090909091,Железнодорожный
140,Хасан,Джабраилов,1731,4.9416058394160585,Химки
141,Рахмат,Мирзаев,701,7.5139664804469275,Москва
142,Магомед,Саидов,191,6.971590909090909,Москва
143,Николай,Кузнецов,265,6.992647058823529,Химки
144,Рустам,Назаров,631,5.148305084745763,Москва
145,Павел,Петров,625,7.553191489361702,Люберцы
146,Бауржан,Жумаев,1716,6.926640926640927,Долгопрудный
147,Расул,Саидов,324,7.674074074074074,Москва
148,Шамиль,Магомедов,1644,7.728346456692913,Москва
149,Жомарт,Назаров,870,4.822085889570552,Долгопрудный
150,Евгений,Новиков,1354,6.7687074829931975,Москва
151,Аслан,Гаджиев,1698,7.096525096525096,Москва
152,Зара,Караева,156,6.569767441860465,Люберцы
153,Саид,Назаров,1193,6.266187050359712,Химки
154,Темирлан,Алимов,1273,6.124423963133641,Химки
155,Темирлан,Юсупов,1583,7.904761904761905,Подольск
156,Темирлан,Саидов,289,6.0344827586206895,Мытищи
157,Магомед,Саидов,1302,7.269230769230769,Подольск
158,Магомед,Джабраилов,123,5.473895582329317,Москва
159,Рамазан,Алиев,291,5.97165991902834,Долгопрудный
160,Михаил,Иванов,1113,7.318385650224215,Химки
161,Дильшод,Назаров,240,6.410958904109589,Москва
162,Аслан,Багаев,1020,5.883435582822086,Москва
163,Ольга,Попова,828,6.564655172413793,Железнодорожный
164,Аслан,Караев,1251,7.047904191616767,Москва
165,Жомарт,Абдрахманов,295,6.250950570342205,Люберцы
166,Расул,Караев,1045,4.892561983471074,Москва
167,Дильшод,Мирзаев,212,6.470588235294118,Москва
168,Фатима,Багаева,699,7.980392156862745,Москва
169,Ислам,Караев,1282,6.114035087719298,Москва
170,Хасан,Джабраилов,1794,5.6183206106870225,Химки
171,Нурсултан,Юсупов,1271,6.433333333333334,Мытищи
172,Дмитрий,Козлов,844,7.5177304964539005,Подольск
173,Нурсултан,Назаров,1585,6.8647342995169085,Железнодорожный
174,Гюльнара,Ахмед Оглы,1670,7.023529411764706,Балашиха
175,Саид,Юсупов,1420,5.978070175438597,Балашиха
176,Павел,Лебедев,1345,6.613733905579399,Москва
177,Рахмат,Назаров,238,6.508982035928144,Москва
178,Залим,Багаев,500,6.867256637168142,Москва
179,Алишер,Саидов,1451,6.53781512605042,Люберцы
180,Юлия,Петрова,1478,7.105882352941176,Москва
181,Рамазан,Магомедов,795,6.977064220183486,Москва
182,Алексей,Иванов,261,8.75,Химки
183,Алексей,Попов,920,8.05,Мытищи
184,Елена,Смирнова,822,5.991489361702127,Москва
185,Саид,Алимов,1762,5.552511415525114,Балашиха
186,Елена,Кузнецова,711,7.676829268292683,Москва
187,Гюльнара,Джабраилова,1239,6.5,Балашиха
188,Залим,Магомедов,1690,7.633540372670807,Долгопрудный
189,Рамазан,Абдуллаев,688,5.385650224215246,Москва
190,Шамиль,Магомедов,480,5.4974358974358974,Королев
191,Нигина,Мирзаева,1270,7.209677419354839,Балашиха
192,Гамид,Гаджиев,142,5.964912280701754,Железнодорожный
193,Олег,Новиков,1714,5.540425531914893,Москва
194,Хасан,Исаев,1360,7.504273504273504,Подольск
195,Сергей,Новиков,1122,5.866396761133603,Химки
196,Магомед,Саидов,1782,6.755458515283843,Москва
197,Алишер,Юсупов,610,6.253787878787879,Железнодорожный
198,Бауржан,Абдуллаев,445,5.060728744939271,Реутов
199,Шамиль,Гаджиев,353,5.977011494252873,Москва
200,Хасан,Абдурахман,1534,6.947368421052632,Химки
201,Павел,Смирнов,1194,7.465116279069767,Москва
202,Павел,Козлов,946,5.7790262172284645,Подольск
203,Залим,Саидов,1422,8.122302158273381,Королев
204,Хасан,Караев,732,7.435064935064935,Москва
205,Гамид,Юсупов,531,6.977528089887641,Москва
206,Ислам,Исаев,350,7.672489082969432,Балашиха
207,Гамид,Саидов,948,7.0,Подольск
208,Евгений,Новиков,1432,6.93984962406015,Москва
209,Айша,Саидова,2,5.219730941704036,Реутов
210,Гамид,Саидов,1294,5.4969325153374236,Москва
211,Инса,Джабраилова,1277,6.793103448275862,Люберцы
212,Магомед,Багаев,1071,7.901515151515151,Москва
213,Эльнур,Алимов,1281,7.1193415637860085,Москва
214,Рахмат,Абдуллаев,1030,6.368,Реутов
215,Мурад,Абдуллаев,706,7.748898678414097,Химки
216,Бауржан,Жумаев,997,7.088709677419355,Железнодорожный
217,Владимир,Новиков,801,5.889361702127659,Москва
218,Алишер,Юсупов,1532,7.056818181818182,Москва
219,Алишер,Абдуллаев,1522,6.5083798882681565,Москва
220,Рахмат,Назаров,494,8.377245508982035,Королев
221,Ислам,Саидов,1296,7.573991031390134,Москва
222,Михаил,Иванов,1749,7.337579617834395,Балашиха
223,Темирлан,Юсупов,813,6.350710900473934,Железнодорожный
224,Иван,Попов,1580,7.527472527472527,Реутов
225,Гюльнара,Исаева,349,7.266666666666667,Химки
226,Хасан,Шарипов,1106,7.055900621118012,Долгопрудный
227,Темирлан,Абдрахманов,734,5.951807228915663,Москва
228,Рамазан,Гаджиев,1586,7.641791044776119,Москва
229,Саид,Жумаев,915,4.764976958525345,Москва
230,Саид,Юсупов,1185,5.322463768115942,Москва
231,Темирлан,Алимов,453,7.733333333333333,Москва
232,Саид,Касымов,1260,6.94238683127572,Москва
233,Эльнур,Турдиев,313,6.384615384615385,Москва
234,Дильшод,Алимов,1008,7.611510791366906,Долгопрудный
235,Алексей,Козлов,1643,5.574324324324325,Москва
236,Хасан,Магомедов,1533,9.315384615384616,Москва
237,Залим,Алиев,1036,6.798245614035087,Москва
238,Олег,Сидоров,1278,6.697872340425532,Москва
239,Темирлан,Юсупов,856,5.836065573770492,Москва
240,Алишер,Жумаев,886,7.47191011235955,Химки
241,Рамазан,Саидов,989,8.1437125748503,Подольск
242,Олег,Петров,1254,5.479166666666667,Москва
243,Аслан,Шарипов,621,6.7076271186440675,Балашиха
244,Рахмат,Турдиев,1298,6.586826347305389,Люберцы
245,Сафия,Саидова,566,7.191304347826087,Реутов
246,Николай,Новиков,1564,6.936936936936937,Люберцы
247,Мурад,Багаев,1510,6.0042918454935625,Москва
248,Рахмат,Турдиев,512,4.705357142857143,Москва
249,Хасан,Исаев,523,7.185344827586207,Москва
250,Аслан,Магомедов,1369,6.399176954732511,Железнодорожный
251,Жомарт,Каримов,1006,5.783625730994152,Балашиха
252,Павел,Петров,120,7.180722891566265,Москва
253,Аслан,Алиев,399,4.892857142857143,Балашиха
254,Аслан,Шарипов,81,6.905027932960894,Москва
255,Магомед,Саидов,1147,6.135135135135135,Москва
256,Зара,Магомедова,1584,6.454545454545454,Москва
257,Алексей,Петров,1291,7.186147186147186,Москва
258,Магомед,Алиев,875,7.127049180327869,Москва
259,Бауржан,Жумаев,1084,7.308056872037914,Москва
260,Гамид,Исаев,1284,7.3125,Москва
261,Эльнур,Турдиев,175,6.132352941176471,Москва
262,Павел,Петров,190,7.190243902439025,Реутов
263,Темирлан,Жумаев,871,7.094861660079052,Химки
264,Махира,Алимова,616,6.903225806451613,Москва
265,Махира,Абдуллаева,998,5.65,Реутов
266,Дильшод,Турдиев,1218,4.887096774193548,Подольск
267,Мурад,Алиев,977,5.5,Подольск
268,Хасан,Абдуллаев,841,7.030075187969925,Химки
269,Иван,Петров,787,6.093023255813954,Мытищи
270,Темирлан,Мирзаев,1426,6.32520325203252,Москва
271,Магомед,Гаджиев,1500,5.619834710743802,Москва
272,Темирлан,Алимов,1023,7.367088607594937,Москва
273,Аслан,Гаджиев,1553,6.9021739130434785,Москва
274,Сергей,Иванов,1101,5.9605263157894735,Балашиха
275,Жомарт,Юсупов,772,5.469135802469136,Балашиха
276,Рахмат,Каримов,233,8.616666666666667,Люберцы
277,Фатима,Абдурахман,941,7.513725490196078,Железнодорожный
278,Нигина,Жумаева,1517,7.349462365591398,Москва
279,Аслан,Шарипов,972,6.2936507936507935,Мытищи
280,Сергей,Петров,1732,5.4763636363636365,Москва
281,Аслан,Багаев,1025,6.891891891891892,Москва
282,Шахноза,Назарова,653,7.015503875968992,Долгопрудный
283,Хасан,Исаев,387,6.387096774193548,Долгопрудный
284,Евгений,Морозов,288,6.360902255639098,Мытищи
285,Саид,Юсупов,117,6.758389261744966,Химки
286,Шамиль,Джабраилов,800,7.296610169491525,Москва
287,Саид,Махмудов,1612,6.7112970711297075,Балашиха
288,Хасан,Багаев,139,8.062068965517241,Железнодорожный
289,Дильшод,Турдиев,864,5.6553191489361705,Королев
290,Расул,Гаджиев,1808,7.7229437229437226,Реутов
291,Эльнур,Мирзаев,666,5.596899224806202,Москва
292,Гамид,Гаджиев,1646,6.788359788359788,Химки
293,Магомед,Ахмед,570,6.905797101449275,Люберцы
294,Евгений,Кузнецов,1653,6.9581395348837205,Москва
295,Темирлан,Абдрахманов,1149,7.018779342723005,Москва
296,Рустам,Касымов,106,6.511494252873563,Москва
297,Залим,Саидов,519,5.820809248554913,Москва
298,Аслан,Шарипов,905,6.214285714285714,Королев
299,Шамиль,Алиев,1215,7.336683417085427,Москва
300,Зара,Шарипова,1577,5.619909502262443,Железнодорожный
301,Павел,Иванов,1611,4.704166666666667,Долгопрудный
302,Дильшод,Алимов,1536,5.940476190476191,Москва
303,Сергей,Смирнов,1683,6.0552147239263805,Москва
304,Дильшод,Рахимов,1308,6.794117647058823,Железнодорожный
305,Феруза,Каримова,966,7.834645669291339,Москва
306,Темирлан,Саидов,1415,6.324200913242009,Долгопрудный
307,Сергей,Сидоров,1810,6.411538461538462,Москва
308,Евгений,Сидоров,132,6.728888888888889,Королев
309,Гамид,Исаев,613,5.48,Железнодорожный
310,Саид,Саидов,1325,6.821576763485477,Железнодорожный
311,Хасан,Гаджиев,1619,5.725806451612903,Москва
312,Рахмат,Мирзаев,1480,7.849206349206349,Москва
313,Дмитрий,Смирнов,1624,6.90625,Балашиха
314,Рахмат,Абдрахманов,1647,7.075949367088608,Москва
315,Рахмат,Алимов,1170,5.62962962962963,Москва
316,Гульнара,Абдрахманова,535,7.033519553072626,Москва
317,Рамазан,Саидов,334,4.650862068965517,Москва
318,Рахмат,Саидов,487,7.053846153846154,Москва
319,Инса,Багаева,918,5.559701492537314,Москва
320,Залим,Исаев,1364,5.940425531914894,Москва
321,Расул,Юсупов,1085,4.940476190476191,Москва
322,Ислам,Джабраилов,562,6.778225806451613,Реутов
323,Шамиль,Магомедов,459,4.745614035087719,Долгопрудный
324,Магомед,Магомедов,1344,5.970212765957447,Москва
325,Темирлан,Абдрахманов,23,6.135802469135802,Железнодорожный
326,Нурсултан,Махмудов,8,7.209302325581396,Москва
327,Жомарт,Мирзаев,1402,5.973684210526316,Люберцы
328,Гамид,Шарипов,439,4.832214765100671,Мытищи
329,Расул,Магомедов,1809,6.377450980392157,Москва
330,Бауржан,Саидов,1050,7.467592592592593,Москва
331,Хасан,Ахмед,249,7.849206349206349,Москва
332,Залим,Саидов,1455,7.569037656903766,Москва
333,Нурсултан,Саидов,1005,6.389763779527559,Люберцы
334,Расул,Гаджиев,1370,5.543478260869565,Москва
335,Дильшод,Рахимов,897,6.95906432748538,Мытищи
336,Дильшод,Назаров,1042,6.183206106870229,Реутов
337,Алишер,Рахимов,1209,5.835978835978836,Москва
338,Диля,Турдиева,1178,5.456375838926174,Москва
339,Саид,Абдуллаев,239,6.3,Москва
340,Алишер,Юсупов,1710,6.88268156424581,Люберцы
341,Расул,Алиев,868,6.8053097345132745,Москва
342,Саид,Турдиев,38,5.936440677966102,Москва
343,Нурсултан,Абдрахманов,1733,7.883870967741935,Люберцы
344,Алишер,Махмудов,1696,7.556650246305419,Москва
345,Саид,Турдиев,1336,6.131578947368421,Москва
346,Владимир,Попов,1146,5.565789473684211,Москва
347,Расул,Гаджиев,835,6.24609375,Москва
348,Жомарт,Саидов,947,7.243697478991597,Балашиха
349,Дмитрий,Новиков,808,5.7368421052631575,Москва
350,Владимир,Новиков,558,5.9494163424124515,Москва
351,Евгений,Лебедев,587,6.482490272373541,Москва
352,Алишер,Турдиев,1319,6.029535864978903,Москва
353,Нурсултан,Рахимов,585,7.311688311688312,Подольск
354,Олег,Козлов,770,5.846441947565543,Мытищи
355,Зара,Гаджиева,1259,8.69047619047619,Москва
356,Гамид,Караев,153,7.423868312757202,Москва
357,Хасан,Багаев,1528,6.521551724137931,Люберцы
358,Иван,Морозов,1719,6.0,Москва
359,Сергей,Лебедев,1715,5.817073170731708,Королев
360,Магомед,Абдуллаев,944,6.367088607594937,Москва
361,Юлия,Попова,1012,7.95,Москва
362,Павел,Морозов,1448,6.177777777777778,Балашиха
363,Евгений,Иванов,928,7.119047619047619,Балашиха
364,Рахмат,Юсупов,1331,7.9119170984455955,Москва
365,Эльнур,Алимов,1512,5.63677130044843,Долгопрудный
366,Дильшод,Абдуллаев,375,8.336065573770492,Подольск
367,Аслан,Исаев,1744,5.5060975609756095,Москва
368,Расул,Юсупов,1499,4.836363636363636,Химки
369,Аслан,Юсупов,416,5.901162790697675,Химки
370,Маликат,Исаева,614,7.149425287356322,Реутов
371,Евгений,Новиков,1062,5.087719298245614,Москва
372,Юлия,Петрова,1197,7.228215767634855,Москва
373,Сергей,Петров,1525,6.992307692307692,Москва
374,Мурад,Гаджиев,1398,6.76890756302521,Москва
375,Фатима,Юсупова,951,5.573426573426573,Москва
376,Хасан,Ахмед,643,5.63063063063063,Химки
377,Темирлан,Турдиев,121,4.713080168776371,Москва
378,Темирлан,Турдиев,1300,6.668067226890757,Москва
379,Ислам,Гаджиев,341,5.6,Люберцы
380,Расул,Абдурахман,1078,6.460869565217391,Москва
381,Михаил,Новиков,1132,5.620833333333334,Москва
382,Мурад,Юсупов,586,5.877551020408164,Москва
383,Жомарт,Каримов,1456,6.775510204081633,Москва
384,Сергей,Сидоров,1250,6.637860082304527,Москва
385,Ислам,Абдуллаев,1470,6.3515625,Королев
386,Хасан,Гаджиев,19,7.666666666666667,Москва
387,Хасан,Джабраилов,657,6.302040816326531,Химки
388,Диля,Мирзаева,925,6.6115702479338845,Долгопрудный
389,Мурад,Гаджиев,713,6.017094017094017,Железнодорожный
390,Темирлан,Назаров,1326,6.0843373493975905,Москва
391,Саид,Саидов,323,7.447368421052632,Балашиха
392,Эльнур,Каримов,278,6.8977272727272725,Москва
393,Аслан,Юсупов,580,5.50314465408805,Москва
394,Темирлан,Назаров,108,5.217391304347826,Подольск
395,Расул,Караев,266,6.816326530612245,Долгопрудный
396,Сергей,Козлов,1190,6.039823008849558,Подольск
397,Маликат,Саидова,1047,7.932489451476793,Москва
398,Саид,Жумаев,1590,8.455223880597014,Москва
399,Иван,Новиков,463,6.40990990990991,Подольск
400,Шамиль,Алиев,1155,6.54337899543379,Долгопрудный
401,Хасан,Караев,649,6.098591549295775,Люберцы
402,Шамиль,Абдуллаев,1724,7.504310344827586,Москва
403,Феруза,Мирзаева,1424,6.291044776119403,Люберцы
404,Рустам,Саидов,888,6.730923694779117,Москва
405,Шамиль,Абдурахман,604,5.85,Москва
406,Саид,Алимов,1109,7.098360655737705,Москва
407,Николай,Кузнецов,1650,4.896103896103896,Москва
408,Залим,Магомедов,1662,7.016666666666667,Москва
409,Аслан,Караев,329,7.091603053435114,Люберцы
410,Ислам,Магомедов,1181,6.474285714285714,Балашиха
411,Амина,Багаева,672,5.8940677966101696,Мытищи
412,Эльнур,Касымов,1341,5.921259842519685,Люберцы
413,Шамиль,Исаев,660,6.021645021645021,Москва
414,Аслан,Исаев,722,6.446902654867257,Москва
415,Мурад,Караев,805,6.025,Москва
416,Нурсултан,Жумаев,1337,6.158653846153846,Долгопрудный
417,Шамиль,Магомедов,780,7.9,Москва
418,Саид,Алимов,491,6.264705882352941,Москва
419,Татьяна,Петрова,956,6.325301204819277,Балашиха
420,Рустам,Жумаев,714,6.378378378378378,Москва
421,Эльнур,Алимов,1338,6.988165680473373,Москва
422,Рахмат,Каримов,933,6.918803418803419,Москва
423,Хасан,Юсупов,957,5.4978902953586495,Химки
424,Гамид,Абдуллаев,668,6.204,Москва
425,Хасан,Багаев,778,6.413127413127413,Москва
426,Гамид,Шарипов,1139,6.606060606060606,Долгопрудный
427,Рахмат,Мирзаев,1660,5.663793103448276,Москва
428,Шамиль,Абдурахман,670,7.293814432989691,Химки
429,Владимир,Лебедев,1274,7.90566037735849,Москва
430,Евгений,Петров,258,6.285714285714286,Мытищи
431,Расул,Саидов,1056,5.845849802371541,Москва
432,Бауржан,Рахимов,1471,7.421739130434783,Подольск
433,Фатима,Багаева,882,4.751091703056769,Москва
434,Бауржан,Саидов,229,5.23921568627451,Мытищи
435,Жомарт,Турдиев,603,7.099173553719008,Москва
436,Расул,Гаджиев,155,6.338345864661654,Москва
437,Махира,Махмудова,1453,6.5375,Химки
438,Бауржан,Абдрахманов,1095,5.5,Подольск
439,Нурсултан,Мирзаев,1748,7.348214285714286,Москва
440,Рустам,Касымов,962,6.178988326848249,Москва
441,Нурсултан,Абдрахманов,421,5.722727272727273,Люберцы
442,Залим,Караев,513,5.888888888888889,Люберцы
443,Олег,Петров,1504,6.324427480916031,Подольск
444,Сергей,Петров,276,5.821428571428571,Москва
445,Расул,Алиев,1526,6.14,Москва
446,Бауржан,Назаров,146,5.869318181818182,Подольск
447,Залим,Исаев,645,8.68776371308017,Москва
448,Хасан,Магомедов,529,6.412037037037037,Москва
449,Магомед,Абдуллаев,685,5.285714285714286,Москва
450,Сергей,Иванов,632,7.865116279069768,Москва
451,Залим,Абдурахман,1576,6.76,Королев
452,Нурсултан,Каримов,1375,6.103139013452915,Москва
453,Рамазан,Шарипов,1691,5.931623931623932,Москва
454,Рустам,Турдиев,1235,6.367441860465116,Москва
455,Ислам,Джабраилов,937,7.877049180327869,Москва
456,Бауржан,Каримов,1295,5.604938271604938,Реутов
457,Рахмат,Мирзаев,410,7.3940677966101696,Москва
458,Иван,Смирнов,1037,5.55,Москва
459,Залим,Багаев,533,6.834061135371179,Москва
460,Хасан,Багаев,1339,5.560311284046692,Москва
461,Дильшод,Турдиев,495,6.420833333333333,Москва
462,Эльнур,Махмудов,930,6.504347826086956,Москва
463,Нурсултан,Касымов,1758,7.468926553672317,Люберцы
464,Саид,Саидов,917,6.4,Люберцы
465,Рустам,Абдрахманов,1770,5.570815450643777,Железнодорожный
466,Саид,Абдрахманов,1285,7.510067114093959,Москва
467,Гамид,Алиев,337,6.0251572327044025,Химки
468,Ислам,Абдурахман,1324,6.318367346938776,Москва
469,Рамазан,Саидов,1800,5.450819672131147,Москва
470,Евгений,Смирнов,1457,6.077981651376147,Москва
471,Аслан,Магомедов,164,6.394736842105263,Москва
472,Алексей,Козлов,165,6.327935222672065,Королев
473,Мурад,Магомедов,223,6.454545454545454,Люберцы
474,Гамид,Караев,517,7.6,Балашиха
475,Залим,Шарипов,1445,5.818181818181818,Москва
476,Сергей,Петров,979,5.775956284153006,Москва
477,Нурсултан,Назаров,716,6.185365853658537,Москва
478,Рустам,Турдиев,1057,7.666666666666667,Долгопрудный
479,Николай,Петров,1333,6.923423423423423,Москва
480,Залим,Шарипов,310,6.392670157068062,Королев
481,Темирлан,Абдрахманов,1464,6.2761506276150625,Москва
482,Динара,Абдуллаева,1028,6.641732283464567,Москва
483,Сергей,Петров,1778,4.896551724137931,Химки
484,Сергей,Кузнецов,1141,6.419540229885057,Москва
485,Саид,Жумаев,1495,5.183760683760684,Балашиха
486,Юлия,Смирнова,182,6.68,Химки
487,Алексей,Лебедев,430,5.580786026200873,Москва
488,Фатима,Саидова,730,7.076335877862595,Москва
489,Дильшод,Турдиев,954,6.426966292134831,Москва
490,Мурад,Магомедов,548,7.70995670995671,Москва
491,Расул,Джабраилов,1679,5.98015873015873,Железнодорожный
492,Залим,Алиев,402,5.875,Москва
493,Дильшод,Рахимов,1427,7.7727272727272725,Москва
494,Залим,Ахмед,1408,5.596899224806202,Москва
495,Хасан,Багаев,1,7.220779220779221,Балашиха
496,Нурсултан,Турдиев,1207,6.598326359832636,Москва
497,Шамиль,Ахмед,1667,5.284,Реутов
498,Хасан,Караев,1489,6.167300380228137,Москва
499,Алексей,Лебедев,386,7.588235294117647,Москва
500,Анна,Морозова,797,6.769736842105263,Москва
501,Жомарт,Мирзаев,1405,7.6976744186046515,Москва
502,Бауржан,Назаров,771,6.434523809523809,Москва
503,Иван,Попов,1728,4.775757575757575,Королев
504,Рамазан,Гаджиев,544,5.556338028169014,Москва
505,Рахмат,Юсупов,1524,5.130081300813008,Москва
506,Иван,Попов,845,5.946188340807175,Москва
507,Саид,Турдиев,1743,6.065116279069767,Москва
508,Рустам,Абдрахманов,1419,7.770186335403727,Москва
509,Аслан,Ахмед,272,8.85,Москва
510,Ислам,Джабраилов,667,7.520833333333333,Москва
511,Мурад,Караев,1479,7.6798245614035086,Реутов
512,Махира,Саидова,779,7.265486725663717,Москва
513,Зухра,Жумаева,836,7.510822510822511,Москва
514,Нигина,Мирзаева,1428,6.700854700854701,Химки
515,Алексей,Петров,953,5.495833333333334,Долгопрудный
516,Залим,Караев,496,7.316872427983539,Железнодорожный
517,Мурад,Алиев,1566,5.986784140969163,Москва
518,Павел,Попов,540,6.725,Долгопрудный
519,Магомед,Шарипов,926,6.943262411347518,Люберцы
520,Мурад,Юсупов,848,5.4825174825174825,Москва
521,Сергей,Иванов,113,5.4653846153846155,Москва
522,Рустам,Назаров,833,5.562091503267974,Люберцы
523,Саид,Жумаев,202,7.160337552742616,Москва
524,Мурад,Саидов,114,5.970588235294118,Реутов
525,Гамид,Караев,919,8.061946902654867,Мытищи
526,Хасан,Караев,1786,6.330396475770925,Балашиха
527,Гамид,Абдуллаев,1000,6.348936170212766,Химки
528,Алишер,Алимов,564,6.014285714285714,Подольск
529,Алишер,Алимов,677,5.614349775784754,Москва
530,Залина,Абдуллаева,1605,8.28125,Москва
531,Аслан,Багаев,650,7.25625,Москва
532,Бауржан,Алимов,729,6.298701298701299,Москва
533,Нурсултан,Абдуллаев,105,8.37037037037037,Москва
534,Саид,Саидов,1382,11.047619047619047,Королев
535,Дильшод,Мирзаев,575,6.369230769230769,Москва
536,Магомед,Абдурахман,574,7.669527896995708,Москва
537,Нурсултан,Жумаев,163,6.94392523364486,Долгопрудный
538,Шамиль,Караев,411,7.728888888888889,Москва
539,Алишер,Мирзаев,1473,7.014598540145985,Балашиха
540,Рахмат,Турдиев,865,6.383966244725738,Москва
541,Гамид,Гаджиев,254,6.976608187134503,Химки
542,Хасан,Саидов,283,7.787878787878788,Москва
543,Рустам,Алимов,840,7.2043478260869565,Москва
544,Рустам,Рахимов,581,5.078512396694215,Москва
545,Аслан,Багаев,104,5.6755555555555555,Долгопрудный
546,Хасан,Магомедов,219,7.991666666666666,Москва
547,Дильшод,Юсупов,971,7.275862068965517,Люберцы
548,Нурсултан,Юсупов,1507,6.337349397590361,Москва
549,Владимир,Кузнецов,71,6.305343511450381,Мытищи
550,Ислам,Гаджиев,232,6.63135593220339,Москва
551,Расул,Саидов,1102,5.6289592760181,Мытищи
552,Гульнара,Алимова,440,5.992481203007519,Железнодорожный
553,Рустам,Абдуллаев,1082,6.673228346456693,Реутов
554,Ислам,Шарипов,1347,8.068965517241379,Реутов
555,Николай,Кузнецов,1639,6.725581395348837,Москва
556,Ислам,Исаев,1496,5.81549815498155,Москва
557,Хасан,Караев,408,6.595238095238095,Люберцы
558,Рахмат,Мирзаев,530,5.522821576763485,Железнодорожный
559,Магомед,Магомедов,1346,6.5905172413793105,Железнодорожный
560,Залим,Алиев,1017,6.830065359477124,Москва
561,Залим,Юсупов,662,8.117647058823529,Москва
562,Темирлан,Алимов,1788,4.853107344632768,Москва
563,Расул,Исаев,141,5.86328125,Москва
564,Мурад,Алиев,949,4.7935483870967746,Железнодорожный
565,Диля,Махмудова,1018,6.131221719457014,Москва
566,Шахноза,Жумаева,1038,8.90625,Москва
567,Алишер,Мирзаев,622,6.988372093023256,Балашиха
568,Владимир,Попов,873,5.490196078431373,Балашиха
569,Хасан,Джабраилов,1237,5.991228070175438,Москва
570,Эльнур,Жумаев,348,6.65,Москва
571,Алишер,Жумаев,264,6.759740259740259,Москва
572,Нурсултан,Мирзаев,1242,6.940092165898617,Подольск
573,Алексей,Сидоров,1261,6.382352941176471,Королев
574,Шамиль,Ахмед,644,5.468085106382978,Мытищи
575,Расул,Исаев,743,7.942477876106195,Королев
576,Эльнур,Каримов,1267,6.382978723404255,Мытищи
577,Жомарт,Турдиев,1088,5.126050420168068,Балашиха
578,Расул,Ахмед,843,5.96078431372549,Королев
579,Бауржан,Алимов,1276,6.371900826446281,Москва
580,Эльнур,Мирзаев,358,6.464114832535885,Железнодорожный
581,Шамиль,Абдурахман,1476,7.102409638554217,Королев
582,Шахноза,Абдуллаева,636,6.184834123222749,Люберцы
583,Расул,Магомедов,1348,7.5,Москва
584,Айша,Багаева,1551,5.972477064220183,Москва
585,Евгений,Петров,929,6.293706293706293,Балашиха
586,Михаил,Сидоров,764,4.936,Королев
587,Жомарт,Турдиев,370,5.7094017094017095,Москва
588,Саид,Касымов,434,5.246808510638298,Москва
589,Владимир,Козлов,88,6.133333333333334,Москва
590,Нурсултан,Назаров,955,5.598484848484849,Москва
591,Залим,Исаев,1320,6.993975903614458,Москва
592,Алишер,Юсупов,160,5.939655172413793,Подольск
593,Шамиль,Саидов,927,7.130952380952381,Подольск
594,Рахмат,Махмудов,78,7.33852140077821,Москва
595,Аслан,Исаев,319,6.288732394366197,Москва
596,Расул,Шарипов,1163,7.9625,Москва
597,Олег,Сидоров,703,6.272108843537415,Москва
598,Саид,Турдиев,1557,5.571428571428571,Железнодорожный
599,Расул,Исаев,617,7.007518796992481,Железнодорожный
600,Ислам,Гаджиев,174,5.914163090128755,Москва
601,Рамазан,Юсупов,528,6.8068965517241375,Москва
602,Хасан,Исаев,950,5.4937759336099585,Москва
603,Саид,Мирзаев,1493,9.336,Москва
604,Темирлан,Абдуллаев,903,6.120689655172414,Реутов
605,Бауржан,Юсупов,1189,6.524663677130045,Москва
606,Гульнара,Назарова,1154,6.73469387755102,Подольск
607,Аслан,Багаев,1303,7.7073170731707314,Москва
608,Нурсултан,Мирзаев,1718,6.210727969348659,Подольск
609,Ислам,Абдурахман,1079,5.292134831460674,Москва
610,Алишер,Абдуллаев,509,7.693430656934306,Королев
611,Темирлан,Мирзаев,995,7.917355371900826,Мытищи
612,Алексей,Попов,707,6.730434782608696,Реутов
613,Рустам,Жумаев,1796,5.7109375,Москва
614,Аслан,Саидов,1589,6.508196721311475,Москва
615,Алексей,Сидоров,591,5.877551020408164,Москва
616,Мурад,Багаев,826,5.754545454545455,Долгопрудный
617,Иван,Козлов,785,6.21285140562249,Москва
618,Рустам,Махмудов,1268,8.659090909090908,Москва
619,Гамид,Багаев,1677,7.702898550724638,Москва
620,Аслан,Алиев,969,6.611111111111111,Подольск
621,Павел,Кузнецов,1668,6.138364779874214,Реутов
622,Гамид,Магомедов,365,5.630769230769231,Химки
623,Темирлан,Мирзаев,991,6.587121212121212,Балашиха
624,Расул,Багаев,1558,6.418032786885246,Москва
625,Аслан,Алиев,1412,6.691358024691358,Москва
626,Хасан,Ахмед,1198,6.2781954887218046,Москва
627,Залим,Гаджиев,1608,6.329218106995885,Москва
628,Залим,Алиев,906,8.074285714285715,Реутов
629,Гульнара,Юсупова,1252,6.052941176470588,Люберцы
630,Расул,Юсупов,1776,5.176991150442478,Москва
631,Гамид,Магомедов,335,5.492424242424242,Москва
632,Шахноза,Рахимова,717,6.4324324324324325,Москва
633,Рамазан,Магомедов,424,6.302158273381295,Москва
634,Саид,Турдиев,192,6.392307692307693,Балашиха
635,Феруза,Махмудова,745,6.081081081081081,Железнодорожный
636,Бауржан,Абдрахманов,1435,6.478260869565218,Люберцы
637,Расул,Джабраилов,1022,6.194444444444445,Москва
638,Жомарт,Рахимов,277,8.731481481481481,Химки
639,Олег,Новиков,198,5.617283950617284,Москва
640,Екатерина,Сидорова,60,6.663755458515284,Долгопрудный
641,Ислам,Шарипов,436,5.407185628742515,Королев
642,Рахмат,Касымов,479,5.462068965517242,Железнодорожный
643,Эльнур,Саидов,1330,4.635593220338983,Балашиха
644,Шамиль,Абдурахман,1313,7.0873362445414845,Мытищи
645,Залим,Юсупов,571,6.174825174825175,Железнодорожный
646,Алексей,Иванов,1184,7.082304526748971,Москва
647,Алишер,Назаров,1543,7.81404958677686,Москва
648,Дмитрий,Лебедев,767,7.27741935483871,Москва
649,Расул,Абдуллаев,654,6.2785714285714285,Королев
650,Бауржан,Абдрахманов,1774,6.394736842105263,Химки
651,Олег,Лебедев,508,5.556910569105691,Реутов
652,Зухра,Абдрахманова,889,7.425675675675675,Железнодорожный
653,Алексей,Петров,1108,6.9457013574660635,Железнодорожный
654,Рахмат,Каримов,451,5.98443579766537,Москва
655,Саид,Мирзаев,1199,5.834645669291339,Москва
656,Гульнара,Рахимова,36,7.317460317460317,Мытищи
657,Нурсултан,Абдрахманов,316,7.254166666666666,Балашиха
658,Владимир,Петров,1587,6.471264367816092,Москва
659,Рустам,Мирзаев,1766,6.385650224215246,Москва
660,Нигина,Рахимова,1429,6.158590308370044,Подольск
661,Алексей,Новиков,1803,5.180257510729613,Балашиха
662,Расул,Абдурахман,874,6.4508670520231215,Химки
663,Шамиль,Гаджиев,1621,7.837209302325581,Долгопрудный
664,Инса,Абдуллаева,493,5.775862068965517,Балашиха
665,Бауржан,Саидов,426,7.490118577075099,Долгопрудный
666,Расул,Шарипов,259,5.540772532188841,Москва
667,Жомарт,Турдиев,1514,8.307692307692308,Москва
668,Бауржан,Жумаев,1168,5.396296296296296,Москва
669,Бауржан,Касымов,1537,5.792899408284024,Москва
670,Фатима,Гаджиева,1157,6.039823008849558,Москва
671,Аслан,Гаджиев,257,5.665254237288136,Долгопрудный
672,Бауржан,Турдиев,1520,5.234741784037559,Москва
673,Гамид,Шарипов,861,6.8412017167381975,Мытищи
674,Жомарт,Касымов,64,9.83838383838384,Москва
675,Шамиль,Саидов,260,5.458064516129032,Долгопрудный
676,Бауржан,Махмудов,1760,7.356828193832599,Подольск
677,Анна,Сидорова,481,7.100436681222708,Подольск
678,Шамиль,Исаев,1311,6.622047244094488,Королев
679,Расул,Магомедов,1029,6.441666666666666,Долгопрудный
680,Гамид,Юсупов,1759,5.599137931034483,Москва
681,Дмитрий,Кузнецов,1335,8.0625,Балашиха
682,Саид,Касымов,1515,6.5754716981132075,Москва
683,Рамазан,Шарипов,294,7.77639751552795,Москва
684,Владимир,Лебедев,412,6.5,Москва
685,Жомарт,Касымов,766,7.2125,Москва
686,Саид,Абдрахманов,14,5.859504132231405,Железнодорожный
687,Дильшод,Юсупов,458,6.538461538461538,Москва
688,Бауржан,Касымов,1014,7.5,Подольск
689,Рустам,Алимов,248,6.336363636363636,Москва
690,Рамазан,Джабраилов,515,5.163716814159292,Реутов
691,Олег,Лебедев,438,6.451327433628318,Москва
692,Хасан,Исаев,1016,7.285714285714286,Москва
693,Расул,Магомедов,361,5.155778894472362,Королев
694,Эльнур,Жумаев,489,7.846153846153846,Москва
695,Гамид,Саидов,237,6.33879781420765,Москва
696,Рахмат,Турдиев,589,5.904761904761905,Балашиха
697,Маликат,Магомедова,1511,6.626984126984127,Химки
698,Нурсултан,Саидов,169,6.474308300395257,Мытищи
699,Дмитрий,Иванов,1745,6.224137931034483,Москва
700,Эльнур,Мирзаев,473,6.10828025477707,Москва
701,Лейла,Исаева,1327,7.382470119521912,Мытищи
702,Ислам,Багаев,769,6.82,Москва
703,Ислам,Юсупов,1171,7.900552486187845,Москва
704,Павел,Лебедев,270,5.51063829787234,Москва
705,Мурад,Абдурахман,554,7.048245614035087,Подольск
706,Темирлан,Касымов,1637,8.333333333333334,Москва
707,Нурсултан,Абдрахманов,1401,6.504545454545455,Москва
708,Алишер,Жумаев,111,8.091666666666667,Москва
709,Рахмат,Махмудов,225,6.443983402489627,Москва
710,Расул,Караев,1554,5.89873417721519,Подольск
711,Аслан,Абдурахман,720,6.292181069958848,Долгопрудный
712,Залим,Абдуллаев,184,6.875,Москва
713,Рахмат,Алимов,130,6.54054054054054,Москва
714,Бауржан,Абдуллаев,206,5.634920634920635,Москва
715,Иван,Морозов,1301,6.041666666666667,Мытищи
716,Эльнур,Мирзаев,1073,6.2560975609756095,Железнодорожный
717,Сергей,Новиков,1656,5.350210970464135,Железнодорожный
718,Иван,Сидоров,161,7.983870967741935,Москва
719,Темирлан,Алимов,1606,5.375690607734807,Подольск
720,Саид,Абдрахманов,1780,6.53393665158371,Мытищи
721,Дильшод,Турдиев,152,6.286324786324786,Королев
722,Ислам,Джабраилов,1721,7.49402390438247,Москва
723,Расул,Ахмед,1527,6.190697674418605,Балашиха
724,Рамазан,Гаджиев,304,5.092741935483871,Москва
725,Гамид,Исаев,1394,7.136752136752137,Москва
726,Диля,Каримова,563,5.88655462184874,Москва
727,Самира,Юсупова,483,6.076923076923077,Химки
728,Хасан,Саидов,6,5.860169491525424,Балашиха
729,Бауржан,Назаров,1518,4.724137931034483,Москва
730,Залина,Алиева,1501,5.584362139917696,Подольск
731,Дмитрий,Морозов,1100,6.784232365145228,Москва
732,Рустам,Каримов,1216,5.445783132530121,Москва
733,Владимир,Сидоров,3,7.995594713656388,Москва
734,Жомарт,Турдиев,793,7.796,Химки
735,Ислам,Джабраилов,547,5.691666666666666,Москва
736,Саид,Махмудов,1396,6.833333333333333,Москва
737,Мурад,Ахмед,1363,6.004329004329004,Москва
738,Инса,Джабраилова,344,5.858585858585859,Москва
739,Фатима,Исаева,598,7.754601226993865,Реутов
740,Залим,Караев,1627,9.138686131386862,Долгопрудный
741,Фатима,Караева,1742,7.196078431372549,Москва
742,Аслан,Джабраилов,726,6.254098360655738,Мытищи
743,Ислам,Абдурахман,694,6.012578616352202,Москва
744,Залим,Алиев,187,5.953389830508475,Москва
745,Саид,Назаров,1060,7.453333333333333,Москва
746,Фатима,Джабраилова,469,7.528169014084507,Москва
747,Олег,Иванов,1404,7.540772532188841,Москва
748,Магомед,Исаев,710,6.279166666666667,Подольск
749,Евгений,Петров,26,6.581730769230769,Москва
750,Саид,Мирзаев,992,7.546255506607929,Москва
751,Павел,Лебедев,611,7.503401360544218,Москва
752,Рахмат,Мирзаев,988,7.024793388429752,Москва
753,Гюльнара,Магомедова,1355,5.559523809523809,Мытищи
754,Хасан,Караев,1080,6.608695652173913,Реутов
755,Махира,Юсупова,395,6.789699570815451,Железнодорожный
756,Темирлан,Каримов,201,4.878787878787879,Москва
757,Аслан,Ахмед,1143,5.944134078212291,Москва
758,Олег,Петров,1571,7.590643274853801,Москва
759,Алишер,Махмудов,577,6.977777777777778,Люберцы
760,Мурад,Саидов,810,6.435684647302905,Москва
761,Хасан,Абдурахман,1075,8.847826086956522,Москва
762,Дильшод,Касымов,268,6.0,Москва
763,Нурсултан,Каримов,534,7.678571428571429,Москва
764,Жомарт,Жумаев,1734,6.671875,Москва
765,Гамид,Алиев,392,4.6594827586206895,Железнодорожный
766,Темирлан,Мирзаев,542,5.891566265060241,Москва
767,Фатима,Абдурахман,70,6.393013100436681,Москва
768,Дильшод,Жумаев,1477,5.896694214876033,Москва
769,Эльнур,Рахимов,369,6.743055555555555,Москва
770,Михаил,Новиков,658,8.641221374045802,Москва
771,Хасан,Абдурахман,151,6.8931623931623935,Москва
772,Жомарт,Мирзаев,448,6.733333333333333,Москва
773,Ислам,Исаев,820,5.638766519823789,Москва
774,Иван,Кузнецов,912,6.371428571428571,Реутов
775,Ислам,Караев,1635,5.235294117647059,Москва
776,Ислам,Юсупов,307,6.36,Москва
777,Шамиль,Джабраилов,263,5.482213438735178,Реутов
778,Залина,Абдуллаева,1801,6.619718309859155,Балашиха
779,Рустам,Назаров,179,5.293838862559242,Люберцы
780,Мурад,Исаев,1485,5.9,Москва
781,Ислам,Абдурахман,1651,7.653679653679654,Москва
782,Сафия,Ахмед Оглы,738,6.531818181818182,Москва
783,Бауржан,Касымов,57,6.933070866141732,Москва
784,Дильшод,Абдуллаев,269,7.57258064516129,Москва
785,Владимир,Иванов,899,8.377682403433477,Москва
786,Павел,Попов,1377,8.049645390070921,Подольск
787,Залим,Шарипов,1746,7.331521739130435,Москва
788,Эльнур,Махмудов,1521,6.918803418803419,Подольск
789,Нурсултан,Турдиев,735,7.9714285714285715,Химки
790,Аслан,Юсупов,444,6.237837837837838,Королев
791,Темирлан,Юсупов,109,5.534412955465587,Москва
792,Гульнара,Турдиева,405,4.907894736842105,Москва
793,Жомарт,Юсупов,595,6.142857142857143,Балашиха
794,Самира,Абдрахманова,213,4.842105263157895,Мытищи
795,Жомарт,Мирзаев,640,6.60248447204969,Москва
796,Дмитрий,Смирнов,372,6.852678571428571,Москва
797,Хасан,Гаджиев,189,4.7846153846153845,Москва
798,Алишер,Каримов,1506,6.464730290456432,Мытищи
799,Магомед,Алиев,781,5.158536585365853,Москва
800,Мурад,Абдуллаев,1151,6.399176954732511,Железнодорожный
801,Дмитрий,Морозов,1699,10.22695035460993,Москва
802,Аслан,Абдуллаев,1206,6.5,Москва
803,Бауржан,Абдуллаев,1381,7.636752136752137,Химки
804,Хасан,Багаев,541,7.352422907488987,Москва
805,Иван,Кузнецов,862,8.535483870967742,Москва
806,Алишер,Юсупов,305,6.389763779527559,Люберцы
807,Олег,Новиков,1256,5.983739837398374,Реутов
808,Рахмат,Абдуллаев,490,6.3700787401574805,Москва
809,Рахмат,Каримов,1376,6.375661375661376,Химки
810,Алексей,Петров,1066,6.5,Москва
811,Екатерина,Лебедева,910,7.192660550458716,Москва
812,Хасан,Абдурахман,1597,5.578260869565217,Железнодорожный
813,Ислам,Юсупов,1269,5.9714285714285715,Реутов
814,Иван,Смирнов,1790,6.703947368421052,Москва
815,Залим,Абдуллаев,1669,7.018099547511312,Москва
816,Иван,Кузнецов,314,6.829896907216495,Москва
817,Анна,Лебедева,1040,5.8059701492537314,Москва
818,Бауржан,Каримов,963,6.197530864197531,Москва
819,Нурсултан,Назаров,661,5.481617647058823,Москва
820,Владимир,Кузнецов,1463,5.357429718875502,Москва
821,Эльнур,Турдиев,1548,6.872340425531915,Подольск
822,Гюльнара,Караева,93,6.713114754098361,Москва
823,Жомарт,Жумаев,578,5.556451612903226,Москва
824,Магомед,Исаев,1400,6.827450980392157,Мытищи
825,Темирлан,Мирзаев,1033,6.609053497942387,Москва
826,Темирлан,Каримов,1449,5.5,Москва
827,Нурсултан,Рахимов,195,5.407185628742515,Железнодорожный
828,Жомарт,Юсупов,723,6.110204081632653,Люберцы
829,Лейла,Джабраилова,1535,7.434782608695652,Мытищи
830,Хасан,Багаев,978,7.313559322033898,Железнодорожный
831,Мурад,Ахмед,646,6.484444444444445,Москва
832,Эльнур,Юсупов,284,6.231075697211155,Москва
833,Рустам,Абдуллаев,1707,6.949074074074074,Москва
834,Гамид,Багаев,837,6.081081081081081,Реутов
835,Шахноза,Мирзаева,900,6.44385026737968,Москва
836,Дильшод,Абдрахманов,1219,6.237410071942446,Люберцы
837,Ислам,Караев,549,6.2110091743119265,Москва
838,Михаил,Козлов,97,5.9831223628691985,Мытищи
839,Алексей,Лебедев,1104,5.516260162601626,Москва
840,Нурсултан,Турдиев,84,6.746835443037975,Москва
841,Магомед,Караев,1387,6.74793388429752,Реутов
842,Бауржан,Махмудов,553,6.717948717948718,Балашиха
843,Гамид,Шарипов,635,6.114649681528663,Москва
844,Рустам,Махмудов,320,7.551724137931035,Химки
845,Павел,Петров,924,7.230366492146596,Реутов
846,Жомарт,Турдиев,511,5.884,Москва
847,Павел,Попов,1098,7.6600985221674875,Москва
848,Магомед,Юсупов,1309,5.899563318777292,Москва
849,Алишер,Жумаев,1089,7.198275862068965,Королев
850,Дмитрий,Козлов,381,6.755274261603375,Москва
851,Фатима,Джабраилова,1238,6.292307692307692,Москва
852,Бауржан,Алимов,1618,5.947826086956522,Королев
853,Мурад,Гаджиев,1542,5.642857142857143,Москва
854,Ислам,Абдурахман,33,5.593220338983051,Москва
855,Залим,Абдурахман,1578,6.012269938650307,Москва
856,Гамид,Багаев,171,6.154362416107382,Химки
857,Рустам,Касымов,1230,6.146853146853147,Москва
858,Светлана,Кузнецова,456,6.523148148148148,Москва
859,Лейла,Саидова,1083,6.462809917355372,Москва
860,Нурсултан,Рахимов,21,6.12015503875969,Мытищи
861,Алишер,Касымов,216,7.324561403508772,Королев
862,Хасан,Джабраилов,815,5.819742489270387,Москва
863,Михаил,Петров,300,9.287037037037036,Москва
864,Темирлан,Жумаев,1226,6.180327868852459,Москва
865,Дмитрий,Сидоров,1058,5.490445859872612,Москва
866,Жомарт,Абдуллаев,1460,8.496350364963504,Москва
867,Аслан,Караев,1773,6.839622641509434,Москва
868,Расул,Джабраилов,1486,6.033898305084746,Мытищи
869,Хасан,Абдурахман,1342,5.789029535864979,Реутов
870,Сергей,Морозов,507,6.5636363636363635,Москва
871,Феруза,Каримова,648,6.243386243386244,Москва
872,Алексей,Морозов,299,6.3247863247863245,Балашиха
873,Расул,Исаев,1266,6.444,Долгопрудный
874,Дильшод,Юсупов,1035,7.765873015873016,Москва
875,Николай,Иванов,1681,7.994152046783626,Подольск
876,Шамиль,Джабраилов,472,7.676258992805756,Москва
877,Рустам,Саидов,1466,6.083333333333333,Подольск
878,Бауржан,Абдуллаев,602,6.4858757062146895,Москва
879,Залим,Магомедов,749,6.691275167785235,Балашиха
880,Жомарт,Абдрахманов,92,8.842553191489362,Москва
881,Алексей,Кузнецов,400,6.012578616352202,Королев
882,Нурсултан,Юсупов,318,5.584,Москва
883,Эльнур,Абдуллаев,1201,5.605381165919282,Подольск
884,Магомед,Исаев,898,5.5506607929515415,Москва
885,Бауржан,Саидов,432,5.941666666666666,Подольск
886,Шамиль,Ахмед,1009,6.232824427480916,Москва
887,Гамид,Абдурахман,1054,5.181818181818182,Подольск
888,Шамиль,Алиев,748,6.798206278026906,Мытищи
889,Жомарт,Махмудов,79,7.567961165048544,Москва
890,Алишер,Турдиев,1702,6.07563025210084,Москва
891,Рахмат,Мирзаев,1768,7.529661016949152,Москва
892,Рустам,Саидов,1441,7.351351351351352,Москва
893,Олег,Новиков,725,5.523809523809524,Москва
894,Залим,Гаджиев,1164,6.255144032921811,Мытищи
895,Ислам,Ахмед,464,7.105263157894737,Химки
896,Нурсултан,Каримов,442,5.906779661016949,Москва
897,Саид,Рахимов,1133,8.141129032258064,Москва
898,Саид,Абдуллаев,207,6.992700729927007,Балашиха
899,Шамиль,Шарипов,1437,6.0,Химки
900,Саид,Саидов,1562,6.255474452554744,Балашиха
901,Эльнур,Юсупов,637,6.336032388663968,Долгопрудный
902,Алишер,Турдиев,999,6.140425531914894,Москва
903,Рахмат,Касымов,1240,5.8879668049792535,Подольск
904,Расул,Шарипов,708,8.184873949579831,Москва
905,Саид,Абдуллаев,385,6.0,Москва
906,Дильшод,Мирзаев,1772,5.233333333333333,Москва
907,Эльнур,Каримов,1567,6.452471482889734,Подольск
908,Бауржан,Юсупов,760,7.764,Москва
909,Наталья,Иванова,1531,5.668224299065421,Москва
910,Дмитрий,Кузнецов,1813,8.172566371681416,Королев
911,Расул,Абдурахман,457,6.211055276381909,Люберцы
912,Темирлан,Турдиев,623,6.609375,Королев
913,Магомед,Абдуллаев,1498,6.777777777777778,Подольск
914,Рустам,Махмудов,44,5.738589211618257,Мытищи
915,Рустам,Мирзаев,301,5.292817679558011,Москва
916,Аслан,Джабраилов,407,8.642045454545455,Москва
917,Гамид,Абдуллаев,285,5.325301204819277,Москва
918,Алишер,Касымов,1431,6.9772727272727275,Москва
919,Рустам,Турдиев,354,7.8125,Долгопрудный
920,Алексей,Попов,1629,5.539130434782609,Москва
921,Залим,Саидов,853,6.6,Москва
922,Бауржан,Мирзаев,404,6.7190082644628095,Подольск
923,Бауржан,Махмудов,1362,8.507575757575758,Химки
924,Алишер,Саидов,1487,5.583690987124464,Москва
925,Расул,Караев,683,5.367768595041323,Москва
926,Гамид,Шарипов,1530,6.615702479338843,Мытищи
927,Темирлан,Жумаев,1166,6.804054054054054,Реутов
928,Зухра,Алимова,691,5.928994082840236,Москва
929,Маликат,Шарипова,1004,6.561320754716981,Химки
930,Татьяна,Иванова,753,5.510067114093959,Москва
931,Рамазан,Алиев,582,6.753303964757709,Железнодорожный
932,Михаил,Смирнов,1793,5.687898089171974,Балашиха
933,Лейла,Ахмед Оглы,1204,8.358288770053475,Железнодорожный
934,Расул,Шарипов,579,6.365168539325842,Королев
935,Рахмат,Махмудов,1099,7.065573770491803,Долгопрудный
936,Темирлан,Касымов,431,7.775590551181103,Москва
937,Залим,Юсупов,1454,5.961038961038961,Москва
938,Алишер,Жумаев,1440,4.776422764227642,Москва
939,Алишер,Мирзаев,931,7.392307692307693,Подольск
940,Нурсултан,Каримов,878,6.314655172413793,Москва
941,Дильшод,Махмудов,597,7.007518796992481,Реутов
942,Эльнур,Назаров,1736,7.086124401913875,Москва
943,Иван,Смирнов,498,6.038135593220339,Москва
944,Магомед,Гаджиев,521,5.7875,Реутов
945,Владимир,Смирнов,221,7.196850393700787,Долгопрудный
946,Аслан,Караев,150,5.367231638418079,Мытищи
947,Жомарт,Саидов,1434,8.012295081967213,Реутов
948,Аслан,Багаев,1697,6.992753623188406,Химки
949,Амина,Абдурахман,1552,6.473684210526316,Москва
950,Гамид,Абдуллаев,514,7.7894736842105265,Москва
951,Гюльнара,Магомедова,338,7.336206896551724,Железнодорожный
952,Рустам,Рахимов,1368,5.525547445255475,Люберцы
953,Сергей,Новиков,750,6.175298804780876,Москва
954,Хасан,Гаджиев,1645,6.754966887417218,Железнодорожный
955,Николай,Морозов,1120,6.303643724696356,Железнодорожный
956,Темирлан,Мирзаев,1575,5.609375,Москва
957,Залим,Магомедов,149,6.949579831932773,Химки
958,Дмитрий,Попов,1372,6.886666666666667,Москва
959,Дмитрий,Козлов,1636,5.195454545454545,Москва
960,Ислам,Исаев,55,6.725409836065574,Москва
961,Аслан,Абдурахман,1641,6.755102040816326,Железнодорожный
962,Динара,Алимова,379,6.859259259259259,Химки
963,Михаил,Попов,449,5.369402985074627,Москва
964,Сергей,Петров,1307,6.894273127753304,Королев
965,Шамиль,Юсупов,168,6.491017964071856,Москва
966,Рамазан,Шарипов,1488,5.526086956521739,Королев
967,Иван,Иванов,1234,7.562130177514793,Москва
968,Ислам,Алиев,450,5.49645390070922,Москва
969,Владимир,Петров,1603,6.262745098039216,Москва
970,Сергей,Иванов,1540,9.03623188405797,Москва
971,Наталья,Петрова,576,6.394618834080718,Москва
972,Иван,Козлов,162,6.381481481481481,Москва
973,Владимир,Сидоров,1678,6.888297872340425,Железнодорожный
974,Михаил,Сидоров,584,6.974468085106383,Железнодорожный
975,Рустам,Назаров,1323,6.188679245283019,Москва
976,Нурсултан,Каримов,65,8.418478260869565,Железнодорожный
977,Евгений,Сидоров,601,6.411016949152542,Долгопрудный
978,Саид,Абдуллаев,633,6.768211920529802,Химки
979,Жомарт,Касымов,629,6.829059829059829,Москва
980,Хасан,Ахмед,1367,4.82258064516129,Королев
981,Диля,Назарова,243,4.872,Москва
982,Залим,Абдурахман,627,6.875,Мытищи
983,Айша,Гаджиева,1791,6.446969696969697,Подольск
984,Маликат,Абдуллаева,739,7.393103448275862,Мытищи
985,Саид,Назаров,712,6.211711711711712,Москва
986,Нурсултан,Жумаев,197,6.322033898305085,Москва
987,Мурад,Караев,425,5.149321266968326,Люберцы
988,Рамазан,Багаев,413,6.855172413793103,Москва
989,Нурсултан,Назаров,1176,5.964285714285714,Мытищи
990,Алексей,Лебедев,1358,6.4124293785310735,Балашиха
991,Сергей,Козлов,1229,6.571428571428571,Москва
992,Рахмат,Каримов,1665,6.976744186046512,Химки
993,Владимир,Новиков,311,6.436936936936937,Москва
994,Расул,Саидов,180,6.031847133757962,Москва
995,Мурад,Исаев,292,5.47808764940239,Москва
996,Саид,Абдуллаев,374,5.851648351648351,Подольск
997,Рамазан,Джабраилов,170,6.216666666666667,Долгопрудный
998,Темирлан,Рахимов,1051,7.139013452914798,Железнодорожный
999,Ислам,Юсупов,887,6.362962962962963,Железнодорожный
1000,Темирлан,Махмудов,1002,6.73,Реутов
1001,Дмитрий,Козлов,607,6.209876543209877,Москва
1002,Ислам,Абдурахман,612,6.150627615062762,Москва
1003,Павел,Новиков,1096,7.044715447154472,Москва
1004,Аслан,Исаев,293,8.222222222222221,Реутов
1005,Сергей,Сидоров,211,5.528985507246377,Реутов
1006,Сергей,Петров,1356,7.5895196506550215,Москва
1007,Эльнур,Махмудов,1413,6.322751322751323,Подольск
1008,Расул,Саидов,1475,6.93953488372093,Москва
1009,Дмитрий,Иванов,1380,8.186046511627907,Мытищи
1010,Эльнур,Махмудов,1343,6.190476190476191,Подольск
1011,Ислам,Саидов,100,7.758928571428571,Москва
1012,Нурсултан,Саидов,1087,6.275862068965517,Реутов
1013,Расул,Юсупов,1126,7.222222222222222,Люберцы
1014,Владимир,Лебедев,817,7.4393939393939394,Москва
1015,Саид,Мирзаев,356,7.422310756972111,Люберцы
1016,Хасан,Джабраилов,497,6.491666666666666,Москва
1017,Рахмат,Юсупов,25,7.166666666666667,Москва
1018,Жомарт,Алимов,1417,7.066666666666666,Москва
1019,Алишер,Саидов,415,6.094674556213017,Москва
1020,Евгений,Лебедев,46,6.466019417475728,Москва
1021,Алексей,Смирнов,230,7.705882352941177,Москва
1022,Владимир,Петров,1121,6.493150684931507,Железнодорожный
1023,Ислам,Абдурахман,4,6.348484848484849,Москва
1024,Ислам,Гаджиев,605,5.503401360544218,Москва
1025,Залим,Караев,634,5.1863636363636365,Химки
1026,Рахмат,Каримов,1688,4.903614457831325,Люберцы
1027,Рустам,Турдиев,818,8.231441048034934,Мытищи
1028,Михаил,Попов,1093,6.1138613861386135,Люберцы
1029,Алишер,Каримов,343,7.706586826347305,Москва
1030,Расул,Магомедов,847,7.256410256410256,Реутов
1031,Рустам,Жумаев,1609,6.533333333333333,Москва
1032,Хасан,Алиев,1709,7.017857142857143,Железнодорожный
1033,Саид,Юсупов,537,6.651639344262295,Москва
1034,Дильшод,Мирзаев,49,6.576419213973799,Москва
1035,Рустам,Абдрахманов,1687,5.563265306122449,Москва
1036,Алишер,Саидов,1187,6.052631578947368,Москва
1037,Саид,Алимов,1243,6.949771689497717,Москва
1038,Гюльнара,Абдуллаева,965,6.024844720496894,Москва
1039,Евгений,Попов,325,7.829493087557604,Подольск
1040,Олег,Морозов,1192,5.574660633484163,Химки
1041,Бауржан,Жумаев,812,6.5875,Люберцы
1042,Залим,Багаев,1692,7.008032128514056,Королев
1043,Амина,Абдурахман,802,6.694560669456067,Подольск
1044,Рахмат,Абдрахманов,214,6.558282208588957,Балашиха
1045,Жомарт,Махмудов,250,6.287878787878788,Королев
1046,Нигина,Юсупова,680,5.977678571428571,Химки
1047,Алишер,Абдрахманов,474,6.754966887417218,Москва
1048,Магомед,Исаев,894,6.23943661971831,Москва
1049,Нурсултан,Алимов,1195,4.940476190476191,Москва
1050,Бауржан,Рахимов,333,6.864285714285714,Москва
1051,Айша,Гаджиева,1389,6.243055555555555,Балашиха
1052,Рахмат,Мирзаев,1622,5.8579881656804735,Москва
1053,Хасан,Джабраилов,619,6.391666666666667,Железнодорожный
1054,Залим,Абдуллаев,1015,6.411428571428571,Химки
1055,Мурад,Гаджиев,642,5.813492063492063,Подольск
1056,Нигина,Махмудова,600,7.7229437229437226,Москва
1057,Нурсултан,Абдрахманов,846,7.489655172413793,Москва
1058,Залим,Гаджиев,59,6.977941176470588,Москва
1059,Николай,Петров,1286,5.706896551724138,Люберцы
1060,Дильшод,Махмудов,1131,5.867469879518072,Балашиха
1061,Михаил,Кузнецов,1137,5.75,Москва
1062,Бауржан,Турдиев,1390,6.47953216374269,Москва
1063,Дильшод,Абдуллаев,1539,4.914634146341464,Москва
1064,Бауржан,Юсупов,1779,7.64,Подольск
1065,Жомарт,Абдрахманов,1642,5.743119266055046,Подольск
1066,Расул,Саидов,1287,6.6171875,Мытищи
1067,Залим,Юсупов,63,8.0,Москва
1068,Нурсултан,Касымов,1111,8.075862068965517,Королев
1069,Дильшод,Юсупов,1097,6.161290322580645,Москва
1070,Залим,Ахмед,32,6.936936936936937,Москва
1071,Дмитрий,Иванов,297,6.243243243243243,Москва
1072,Иван,Петров,419,6.69758064516129,Москва
1073,Жомарт,Рахимов,1565,7.237068965517241,Подольск
1074,Мурад,Ахмед,502,5.484662576687117,Москва
1075,Иван,Сидоров,1349,6.081545064377682,Балашиха
1076,Расул,Гаджиев,234,7.125,Химки
1077,Саид,Абдуллаев,1247,7.157657657657658,Реутов
1078,Расул,Саидов,974,8.143410852713178,Москва
1079,Мурад,Абдуллаев,328,5.824561403508772,Москва
1080,Дмитрий,Новиков,1482,6.616666666666666,Москва
1081,Олег,Смирнов,651,6.218623481781377,Балашиха
1082,Бауржан,Рахимов,72,5.629166666666666,Долгопрудный
1083,Расул,Караев,1065,6.078947368421052,Москва
1084,Владимир,Сидоров,742,4.834782608695652,Реутов
1085,Хасан,Алиев,110,6.755364806866953,Москва
1086,Дмитрий,Кузнецов,417,5.976190476190476,Мытищи
1087,Хасан,Багаев,5,5.669421487603306,Люберцы
1088,Мурад,Ахмед,203,7.844961240310077,Долгопрудный
1089,Рустам,Абдрахманов,129,6.8175675675675675,Люберцы
1090,Нурсултан,Каримов,618,6.76,Москва
1091,Жомарт,Мирзаев,308,6.254032258064516,Подольск
1092,Рустам,Юсупов,317,6.1466666666666665,Долгопрудный
1093,Дмитрий,Новиков,1418,7.175,Москва
1094,Олег,Сидоров,588,6.046296296296297,Мытищи
1095,Павел,Лебедев,1059,6.039301310043668,Долгопрудный
1096,Темирлан,Абдуллаев,1771,6.245614035087719,Люберцы
1097,Шамиль,Джабраилов,74,9.683453237410072,Москва
1098,Сергей,Новиков,140,4.75103734439834,Балашиха
1099,Олег,Лебедев,1280,5.466216216216216,Подольск
1100,Нурсултан,Абдуллаев,806,6.6835443037974684,Москва
1101,Гамид,Багаев,76,7.016064257028113,Химки
1102,Евгений,Козлов,506,6.920289855072464,Мытищи
1103,Алишер,Каримов,1569,7.660714285714286,Люберцы
1104,Дмитрий,Морозов,396,5.6467065868263475,Москва
1105,Рахмат,Абдуллаев,452,6.048780487804878,Москва
1106,Гюльнара,Алиева,872,7.406666666666666,Москва
1107,Владимир,Иванов,181,8.011111111111111,Москва
1108,Сафия,Караева,388,6.268398268398268,Балашиха
1109,Рахмат,Юсупов,1379,7.34640522875817,Долгопрудный
1110,Аслан,Алиев,700,4.751091703056769,Москва
1111,Нигина,Алимова,1633,7.577464788732394,Москва
1112,Гюльнара,Гаджиева,1165,6.979591836734694,Реутов
1113,Расул,Караев,1304,6.008733624454148,Москва
1114,Рустам,Саидов,525,5.523809523809524,Москва
1115,Шамиль,Абдуллаев,1811,8.325301204819278,Химки
1116,Магомед,Исаев,655,6.414847161572053,Балашиха
1117,Расул,Джабраилов,1172,7.906976744186046,Мытищи
1118,Нурсултан,Алимов,1142,8.417021276595746,Королев
1119,Рахмат,Мирзаев,367,7.574468085106383,Москва
1120,Алишер,Абдрахманов,1253,5.995594713656388,Балашиха
1121,Самира,Назарова,1003,8.033613445378151,Балашиха
1122,Бауржан,Рахимов,829,8.017045454545455,Москва
1123,Эльнур,Турдиев,1425,6.128205128205129,Мытищи
1124,Алишер,Саидов,880,6.701298701298701,Королев
1125,Расул,Юсупов,67,6.046413502109704,Подольск
1126,Залим,Абдурахман,1385,5.431034482758621,Королев
1127,Иван,Лебедев,1442,7.394422310756972,Мытищи
1128,Расул,Джабраилов,858,5.277456647398844,Люберцы
1129,Дильшод,Саидов,1717,4.95,Москва
1130,Николай,Петров,863,8.030534351145038,Мытищи
1131,Бауржан,Абдрахманов,1738,5.957264957264957,Люберцы
1132,Расул,Гаджиев,599,6.864754098360656,Москва
1133,Аслан,Саидов,492,5.769911504424779,Балашиха
1134,Шамиль,Шарипов,1067,6.098591549295775,Мытищи
1135,Иван,Сидоров,1655,7.049382716049383,Химки
1136,Расул,Караев,758,7.944444444444445,Москва
1137,Динара,Мирзаева,1279,5.486111111111111,Мытищи
1138,Алексей,Кузнецов,1568,5.97071129707113,Королев
1139,Жомарт,Абдрахманов,816,7.346938775510204,Москва
1140,Алишер,Мирзаев,1248,5.755274261603375,Москва
1141,Алишер,Назаров,217,5.3076923076923075,Железнодорожный
1142,Темирлан,Мирзаев,747,7.625,Москва
1143,Ислам,Гаджиев,134,6.917127071823204,Москва
1144,Эльнур,Турдиев,987,6.7408906882591095,Москва
1145,Жомарт,Жумаев,327,6.788135593220339,Москва
1146,Алишер,Юсупов,1582,6.558333333333334,Москва
1147,Ислам,Абдуллаев,246,8.034722222222221,Железнодорожный
1148,Шамиль,Шарипов,866,5.271929824561403,Долгопрудный
1149,Сафия,Ахмед Оглы,803,6.810699588477366,Химки
1150,Залим,Джабраилов,718,7.014084507042254,Москва
1151,Алишер,Махмудов,1797,6.259574468085106,Москва
1152,Бауржан,Юсупов,1638,7.395833333333333,Подольск
1153,Саид,Назаров,133,5.179372197309417,Долгопрудный
1154,Жомарт,Турдиев,1682,6.512345679012346,Люберцы
1155,Эльнур,Махмудов,1077,9.530386740331492,Подольск
1156,Гамид,Саидов,1513,7.7375,Москва
1157,Жомарт,Жумаев,242,6.331491712707182,Москва
1158,Евгений,Морозов,1130,5.05625,Люберцы
1159,Рахмат,Жумаев,1421,7.2927756653992395,Москва
1160,Эльнур,Махмудов,854,6.142857142857143,Королев
1161,Магомед,Алиев,1115,8.569620253164556,Реутов
1162,Ислам,Шарипов,286,6.861423220973783,Москва
1163,Аслан,Абдурахман,1032,5.899581589958159,Люберцы
1164,Аслан,Абдуллаев,807,5.503875968992248,Долгопрудный
1165,Рамазан,Саидов,1764,9.247863247863247,Балашиха
1166,Николай,Новиков,1150,6.306930693069307,Королев
1167,Расул,Исаев,466,6.483050847457627,Москва
1168,Аслан,Алиев,89,5.132420091324201,Химки
1169,Николай,Петров,1503,7.830985915492958,Москва
1170,Бауржан,Юсупов,860,6.377777777777778,Реутов
1171,Мурад,Саидов,1292,6.350210970464135,Реутов
1172,Самира,Алимова,976,5.571428571428571,Москва
1173,Магомед,Шарипов,1236,5.44106463878327,Москва
1174,Рахмат,Махмудов,1064,6.020661157024794,Железнодорожный
1175,Сергей,Иванов,1787,6.428,Москва
1176,Рамазан,Юсупов,973,6.788135593220339,Подольск
1177,Евгений,Петров,1200,6.769230769230769,Балашиха
1178,Николай,Лебедев,1397,5.471264367816092,Балашиха
1179,Лейла,Саидова,124,8.085836909871245,Долгопрудный
1180,Ислам,Ахмед,849,7.574468085106383,Москва
1181,Темирлан,Жумаев,761,8.416309012875537,Люберцы
1182,Расул,Ахмед,1739,8.090909090909092,Мытищи
1183,Залим,Ахмед,119,7.606986899563319,Химки
1184,Дмитрий,Попов,1159,6.6553191489361705,Долгопрудный
1185,Темирлан,Назаров,116,5.622047244094488,Москва
1186,Эльнур,Касымов,1708,6.761261261261262,Москва
1187,Саид,Абдрахманов,1110,6.7269076305220885,Королев
1188,Нигина,Абдуллаева,698,7.062761506276151,Королев
1189,Рахмат,Жумаев,804,8.220883534136545,Москва
1190,Рахмат,Турдиев,1034,4.7757847533632285,Москва
1191,Аслан,Исаев,1383,5.849785407725322,Мытищи
1192,Эльнур,Жумаев,262,4.814569536423841,Москва
1193,Евгений,Петров,1211,6.559523809523809,Москва
1194,Гамид,Абдуллаев,857,5.325842696629214,Москва
1195,Алексей,Козлов,462,7.1525423728813555,Реутов
1196,Наталья,Иванова,1680,5.129310344827586,Москва
1197,Рустам,Касымов,1491,5.609649122807017,Москва
1198,Эльнур,Абдрахманов,524,7.421052631578948,Реутов
1199,Саид,Турдиев,639,5.546218487394958,Долгопрудный
1200,Ислам,Абдурахман,1246,6.215311004784689,Москва
1201,Нурсултан,Алимов,1125,6.378260869565217,Подольск
1202,Саид,Алимов,352,6.7105263157894735,Москва
1203,Залим,Абдуллаев,145,6.722448979591837,Балашиха
1204,Гюльнара,Караева,993,6.2101449275362315,Долгопрудный
1205,Залим,Абдурахман,1055,6.659836065573771,Москва
1206,Эльнур,Юсупов,1148,5.051587301587301,Мытищи
1207,Хасан,Ахмед,200,8.782312925170068,Москва
1208,Саид,Каримов,794,6.61271676300578,Железнодорожный
1209,Бауржан,Абдуллаев,1407,6.603550295857988,Москва
1210,Рахмат,Каримов,916,5.778656126482214,Королев
1211,Дильшод,Саидов,647,7.036363636363636,Подольск
1212,Ислам,Абдурахман,789,7.23109243697479,Мытищи
1213,Шамиль,Юсупов,1392,6.181102362204724,Реутов
1214,Шамиль,Багаев,423,8.26950354609929,Мытищи
1215,Эльнур,Абдрахманов,53,8.056034482758621,Москва
1216,Саид,Юсупов,1205,6.938271604938271,Москва
1217,Рустам,Каримов,102,8.20863309352518,Подольск
1218,Михаил,Новиков,1328,8.251028806584362,Долгопрудный
1219,Мурад,Караев,1594,6.918918918918919,Москва
1220,Рахмат,Абдуллаев,222,9.857142857142858,Москва
1221,Дмитрий,Козлов,1516,8.019607843137255,Люберцы
1222,Темирлан,Абдуллаев,980,6.7894736842105265,Люберцы
1223,Шамиль,Юсупов,1290,6.069620253164557,Долгопрудный
1224,Николай,Морозов,1026,6.4389140271493215,Москва
1225,Шамиль,Багаев,1695,7.98744769874477,Мытищи
1226,Феруза,Назарова,551,7.047058823529412,Подольск
1227,Владимир,Смирнов,859,7.875518672199171,Москва
1228,Юлия,Смирнова,478,6.450819672131147,Москва
1229,Владимир,Иванов,86,6.729838709677419,Москва
1230,Аслан,Джабраилов,1188,6.884892086330935,Москва
1231,Темирлан,Алимов,1727,7.0,Подольск
1232,Эльнур,Абдуллаев,1761,6.951541850220265,Москва
1233,Ислам,Исаев,115,6.902255639097745,Железнодорожный
1234,Рамазан,Абдурахман,1601,4.733644859813084,Мытищи
1235,Жомарт,Жумаев,122,7.482608695652174,Москва
1236,Эльнур,Махмудов,429,7.886363636363637,Москва
1237,Мурад,Гаджиев,773,7.3052631578947365,Королев
1238,Бауржан,Мирзаев,1272,5.0299625468164795,Москва
1239,Диля,Саидова,215,5.570422535211268,Мытищи
1240,Алишер,Юсупов,1183,5.858870967741935,Москва
1241,Аслан,Абдуллаев,1210,6.972222222222222,Москва
1242,Жомарт,Махмудов,876,7.254980079681275,Москва
1243,Эльнур,Абдуллаев,1118,6.210743801652892,Люберцы
1244,Расул,Караев,1063,5.931818181818182,Люберцы
1245,Хасан,Караев,1340,6.427350427350428,Балашиха
1246,Мурад,Джабраилов,1573,6.7612903225806456,Москва
1247,Олег,Новиков,593,6.502283105022831,Королев
1248,Магомед,Абдурахман,1729,6.9057591623036645,Москва
1249,Владимир,Лебедев,1031,6.7447698744769875,Химки
1250,Владимир,Кузнецов,684,5.512345679012346,Химки
1251,Расул,Караев,715,6.281481481481482,Королев
1252,Динара,Касымова,1162,5.644628099173554,Железнодорожный
1253,Хасан,Гаджиев,659,6.475409836065574,Реутов
1254,Алишер,Жумаев,1574,4.813186813186813,Москва
1255,Алексей,Иванов,43,6.6866666666666665,Москва
1256,Нурсултан,Алимов,1153,7.274418604651163,Москва
1257,Михаил,Смирнов,368,6.207865168539326,Москва
1258,Саид,Махмудов,204,4.8604651162790695,Москва
1259,Аслан,Саидов,1671,7.122950819672131,Железнодорожный
1260,Олег,Лебедев,825,5.959641255605381,Москва
1261,Гамид,Исаев,1103,5.244635193133047,Москва
1262,Залим,Магомедов,674,5.801801801801802,Железнодорожный
1263,Ислам,Исаев,298,7.168674698795181,Мытищи
1264,Фатима,Юсупова,446,6.881578947368421,Москва
1265,Магомед,Гаджиев,615,7.242553191489361,Люберцы
1266,Расул,Абдурахман,1128,6.285714285714286,Москва
1267,Сергей,Новиков,1123,5.496124031007752,Москва
1268,Гюльнара,Абдуллаева,1712,6.707818930041152,Мытищи
1269,Темирлан,Саидов,975,7.184,Москва
1270,Алишер,Мирзаев,1384,7.061475409836065,Долгопрудный
1271,Хасан,Караев,1070,5.530201342281879,Москва
1272,Магомед,Юсупов,1694,6.839506172839506,Реутов
1273,Нурсултан,Саидов,7,8.368421052631579,Москва
1274,Расул,Абдурахман,1753,6.8577981651376145,Королев
1275,Дильшод,Назаров,158,6.645833333333333,Москва
1276,Бауржан,Касымов,1595,6.454545454545454,Долгопрудный
1277,Нурсултан,Алимов,885,4.732558139534884,Реутов
1278,Залим,Алиев,1127,6.841409691629956,Москва
1279,Рустам,Рахимов,1393,5.9,Реутов
1280,Шамиль,Юсупов,594,6.410714285714286,Москва
1281,Рустам,Абдрахманов,520,6.7956521739130435,Москва
1282,Нигина,Каримова,985,6.182266009852217,Подольск
1283,Дмитрий,Смирнов,1541,5.8858267716535435,Москва
1284,Эльнур,Турдиев,1180,6.451612903225806,Химки
1285,Рахмат,Алимов,460,5.494208494208494,Люберцы
1286,Павел,Морозов,1212,7.270642201834862,Москва
1287,Жомарт,Каримов,1019,4.898550724637682,Балашиха
1288,Павел,Кузнецов,245,4.671717171717172,Люберцы
1289,Рамазан,Юсупов,774,7.116071428571429,Москва
1290,Нигина,Рахимова,80,6.381165919282512,Мытищи
1291,Екатерина,Иванова,282,6.647058823529412,Москва
1292,Иван,Кузнецов,281,6.3755458515283845,Москва
1293,Нигина,Абдрахманова,393,5.970588235294118,Люберцы
1294,Ислам,Магомедов,326,5.493617021276596,Москва
1295,Михаил,Иванов,638,5.845849802371541,Москва
1296,Аслан,Абдурахман,91,6.333333333333333,Москва
1297,Эльнур,Каримов,1438,5.954732510288066,Железнодорожный
1298,Махира,Мирзаева,231,6.041420118343195,Балашиха
1299,Олег,Кузнецов,1701,5.148837209302326,Люберцы
1300,Залим,Багаев,418,6.65359477124183,Москва
1301,Лейла,Ахмед Оглы,1588,6.264227642276423,Москва
1302,Елена,Иванова,1414,7.415686274509804,Королев
1303,Аслан,Юсупов,1812,7.817427385892116,Химки
1304,Темирлан,Юсупов,1634,5.949720670391062,Мытищи
1305,Алишер,Махмудов,256,6.886486486486486,Железнодорожный
1306,Магомед,Багаев,759,5.476595744680851,Москва
1307,Шамиль,Джабраилов,1617,6.1856060606060606,Москва
1308,Бауржан,Турдиев,125,6.5625,Москва
1309,Аслан,Абдурахман,420,5.151785714285714,Балашиха
1310,Шамиль,Алиев,1318,6.286764705882353,Москва
1311,Алишер,Саидов,1720,7.621212121212121,Мытищи
1312,Дильшод,Абдрахманов,911,7.869955156950673,Реутов
1313,Айша,Саидова,1317,6.663829787234042,Балашиха
1314,Нурсултан,Назаров,1105,6.897810218978102,Подольск
1315,Рустам,Жумаев,501,6.925619834710743,Москва
1316,Рустам,Каримов,1592,6.613924050632911,Москва
1317,Хасан,Саидов,241,5.712871287128713,Реутов
1318,Дильшод,Алимов,1329,6.833333333333333,Москва
1319,Дильшод,Юсупов,883,5.155102040816327,Москва
1320,Евгений,Лебедев,1072,7.133620689655173,Москва
1321,Бауржан,Назаров,1160,6.187250996015936,Москва
1322,Рахмат,Юсупов,1492,5.8765432098765435,Москва
1323,Мурад,Абдурахман,751,7.028776978417266,Мытищи
1324,Саид,Юсупов,98,6.5426829268292686,Москва
1325,Аслан,Джабраилов,51,7.953974895397489,Королев
1326,Темирлан,Юсупов,921,6.44,Люберцы
1327,Аслан,Шарипов,590,6.797520661157025,Реутов
1328,Эльнур,Абдрахманов,790,5.901185770750988,Москва
1329,Махира,Касымова,1752,6.976653696498055,Долгопрудный
1330,Шамиль,Алиев,77,5.235772357723577,Москва
1331,Евгений,Смирнов,671,5.4535315985130115,Мытищи
1332,Дмитрий,Новиков,1693,5.139442231075697,Химки
1333,Эльнур,Турдиев,909,7.73758865248227,Химки
1334,Саид,Саидов,220,6.639004149377594,Москва
1335,Иван,Лебедев,274,8.69406392694064,Реутов
1336,Дильшод,Касымов,1804,8.162393162393162,Москва
1337,Шамиль,Багаев,788,5.445833333333334,Королев
1338,Саид,Жумаев,1202,6.988165680473373,Москва
1339,Залим,Саидов,340,5.639705882352941,Долгопрудный
1340,Жомарт,Алимов,1086,6.469026548672566,Москва
1341,Михаил,Кузнецов,1750,7.469945355191257,Реутов
1342,Олег,Сидоров,943,6.257142857142857,Москва
1343,Евгений,Иванов,126,7.309608540925267,Реутов
1344,Анна,Сидорова,1591,6.869565217391305,Москва
1345,Рамазан,Гаджиев,1409,6.4495412844036695,Реутов
1346,Рустам,Турдиев,1416,5.767857142857143,Москва
1347,Залина,Джабраилова,380,7.354838709677419,Королев
1348,Олег,Петров,538,6.788079470198675,Мытищи
1349,Владимир,Сидоров,1167,7.206140350877193,Железнодорожный
1350,Эльнур,Абдрахманов,560,4.956896551724138,Железнодорожный
1351,Саид,Юсупов,1021,5.565217391304348,Москва
1352,Бауржан,Мирзаев,811,5.474509803921569,Москва
1353,Нигина,Абдуллаева,1351,7.056910569105691,Мытищи
1354,Аслан,Шарипов,752,7.138888888888889,Москва
1355,Бауржан,Абдуллаев,172,7.273504273504273,Москва
1356,Эльнур,Абдуллаев,855,7.42654028436019,Москва
1357,Рамазан,Караев,1785,7.778625954198473,Москва
1358,Дмитрий,Смирнов,1613,5.457264957264957,Мытищи
1359,Темирлан,Рахимов,62,6.401606425702811,Москва
1360,Евгений,Петров,1074,8.0,Москва
1361,Мурад,Джабраилов,1129,7.322834645669292,Долгопрудный
1362,Дильшод,Махмудов,1523,6.44,Химки
1363,Темирлан,Алимов,1444,6.327800829875518,Королев
1364,Расул,Алиев,58,6.726666666666667,Железнодорожный
1365,Нурсултан,Абдуллаев,68,6.318181818181818,Москва
1366,Темирлан,Абдрахманов,1550,5.187265917602996,Люберцы
1367,Хасан,Исаев,186,6.936781609195402,Реутов
1368,Дильшод,Назаров,157,7.090909090909091,Москва
1369,Хасан,Абдуллаев,832,5.591549295774648,Долгопрудный
1370,Мурад,Исаев,679,7.591304347826087,Москва
1371,Нигина,Мирзаева,1081,7.299242424242424,Люберцы
1372,Дильшод,Алимов,52,5.409594095940959,Москва
1373,Алишер,Мирзаев,118,5.972972972972973,Москва
1374,Гамид,Алиев,27,6.458333333333333,Химки
1375,Саид,Каримов,516,6.01875,Москва
1376,Дмитрий,Петров,1599,4.888888888888889,Москва
1377,Амина,Джабраилова,1602,5.936974789915967,Люберцы
1378,Эльнур,Алимов,907,5.735042735042735,Королев
1379,Саид,Касымов,35,5.819923371647509,Люберцы
1380,Михаил,Попов,476,5.408805031446541,Реутов
1381,Гульнара,Алимова,362,7.7853881278538815,Балашиха
1382,Нурсултан,Турдиев,1789,6.2084942084942085,Москва
1383,Саид,Назаров,1747,7.791666666666667,Москва
1384,Рахмат,Махмудов,1144,6.405857740585774,Москва
1385,Владимир,Кузнецов,527,7.0920245398773005,Химки
1386,Феруза,Жумаева,1674,8.923076923076923,Москва
1387,Дильшод,Абдуллаев,373,7.1878787878787875,Химки
1388,Дмитрий,Сидоров,280,7.044354838709677,Люберцы
1389,Рамазан,Исаев,719,6.404494382022472,Химки
1390,Дильшод,Жумаев,877,8.74031007751938,Москва
1391,Саид,Саидов,964,7.907949790794979,Железнодорожный
1392,Маликат,Исаева,573,6.634730538922156,Москва
1393,Владимир,Кузнецов,776,7.32824427480916,Реутов
1394,Гамид,Саидов,465,6.816666666666666,Москва
1395,Жомарт,Алимов,687,6.416666666666667,Железнодорожный
1396,Бауржан,Мирзаев,1310,7.831050228310502,Москва
1397,Гамид,Багаев,1777,5.509803921568627,Химки
1398,Залим,Магомедов,1538,5.9421487603305785,Москва
1399,Хасан,Исаев,681,6.156028368794326,Москва
1400,Саид,Касымов,1659,5.537414965986395,Москва
1401,Жомарт,Абдрахманов,796,8.749019607843136,Реутов
1402,Залим,Абдуллаев,1807,6.383647798742138,Москва
1403,Дильшод,Каримов,90,6.262295081967213,Москва
1404,Рамазан,Ахмед,128,5.12719298245614,Химки
1405,Аслан,Ахмед,1117,7.587719298245614,Балашиха
1406,Рустам,Абдрахманов,1703,7.660869565217391,Москва
1407,Бауржан,Алимов,159,6.063291139240507,Балашиха
1408,Михаил,Попов,1630,7.082089552238806,Москва
1409,Саид,Мирзаев,983,9.0,Долгопрудный
1410,Рустам,Абдрахманов,852,10.61654135338346,Долгопрудный
1411,Мурад,Абдуллаев,1391,6.926229508196721,Москва
1412,Рахмат,Жумаев,736,5.246636771300448,Москва
1413,Магомед,Ахмед,1334,9.022222222222222,Москва
1414,Саид,Назаров,136,5.590551181102362,Москва
1415,Рустам,Алимов,682,5.451388888888889,Москва
1416,Эльнур,Махмудов,1704,7.071729957805907,Москва
1417,Аслан,Гаджиев,609,6.962121212121212,Москва
1418,Рамазан,Абдурахман,503,7.3534883720930235,Москва
1419,Иван,Смирнов,103,6.357758620689655,Железнодорожный
1420,Жомарт,Саидов,1676,7.868217054263566,Москва
1421,Ислам,Джабраилов,1094,6.21304347826087,Москва
1422,Нурсултан,Турдиев,1705,7.47972972972973,Москва
1423,Бауржан,Каримов,1620,7.686440677966102,Подольск
1424,Темирлан,Абдуллаев,1116,6.244979919678715,Москва
1425,Нурсултан,Турдиев,704,5.762645914396887,Королев
1426,Юлия,Смирнова,364,7.3418803418803416,Реутов
1427,Сергей,Смирнов,1136,6.606870229007634,Подольск
1428,Шамиль,Исаев,1221,7.25,Москва
1429,Эльнур,Жумаев,1519,7.1645021645021645,Москва
1430,Залим,Магомедов,376,6.141818181818182,Москва
1431,Залина,Гаджиева,675,5.28,Королев
1432,Темирлан,Абдрахманов,403,6.282608695652174,Балашиха
1433,Нурсултан,Касымов,1754,6.904761904761905,Москва
1434,Евгений,Козлов,879,5.933920704845815,Железнодорожный
1435,Аслан,Джабраилов,572,7.2165605095541405,Люберцы
1436,Рахмат,Касымов,1452,5.459915611814346,Люберцы
1437,Владимир,Морозов,482,5.493421052631579,Москва
1438,Рахмат,Рахимов,1332,7.154440154440154,Королев
1439,Темирлан,Назаров,1241,6.940217391304348,Мытищи
1440,Мурад,Абдурахман,1663,4.958677685950414,Москва
1441,Евгений,Смирнов,96,7.3264462809917354,Москва
1442,Рустам,Махмудов,1359,6.306034482758621,Балашиха
1443,Жомарт,Назаров,968,5.68503937007874,Москва
1444,Зара,Абдурахман,1555,7.425531914893617,Королев
1445,Михаил,Морозов,1046,5.642857142857143,Мытищи
1446,Алексей,Козлов,814,6.241803278688525,Москва
1447,Хасан,Караев,1186,7.425287356321839,Мытищи
1448,Сергей,Смирнов,1048,5.911016949152542,Балашиха
1449,Ислам,Абдуллаев,1010,7.283333333333333,Москва
1450,Бауржан,Юсупов,244,7.348101265822785,Балашиха
1451,Шамиль,Караев,1061,6.767543859649122,Москва
1452,Николай,Петров,792,6.925373134328358,Москва
1453,Алишер,Махмудов,433,5.671171171171171,Реутов
1454,Бауржан,Касымов,185,6.648148148148148,Москва
1455,Мурад,Абдурахман,1572,6.354285714285714,Москва
1456,Шамиль,Магомедов,143,7.0,Химки
1457,Эльнур,Юсупов,1469,9.480874316939891,Москва
1458,Эльнур,Алимов,892,6.659751037344399,Москва
1459,Дмитрий,Лебедев,302,8.837606837606838,Москва
1460,Дильшод,Саидов,1649,5.58955223880597,Химки
1461,Залим,Магомедов,934,6.825688073394495,Люберцы
1462,Шамиль,Абдуллаев,454,7.36,Реутов
1463,Алишер,Жумаев,1468,6.972332015810276,Реутов
1464,Залим,Шарипов,557,5.550420168067227,Долгопрудный
1465,Рахмат,Рахимов,235,6.708860759493671,Люберцы
1466,Залим,Абдуллаев,1043,6.299212598425197,Подольск
1467,Рамазан,Исаев,923,7.30939226519337,Москва
1468,Ислам,Абдурахман,1403,6.633204633204633,Москва
1469,Хасан,Саидов,1156,5.7368421052631575,Москва
1470,Ислам,Абдуллаев,1124,7.546099290780142,Москва
1471,Шамиль,Алиев,1561,6.060344827586207,Балашиха
1472,Расул,Магомедов,777,7.487394957983193,Реутов
1473,Ислам,Гаджиев,24,6.591304347826087,Москва
1474,Гамид,Саидов,397,5.5131578947368425,Реутов
1475,Нурсултан,Рахимов,1231,5.575107296137339,Москва
1476,Эльнур,Абдрахманов,1361,5.489270386266094,Долгопрудный
1477,Ирина,Кузнецова,389,8.622047244094489,Железнодорожный
1478,Хасан,Джабраилов,756,8.074235807860262,Долгопрудный
1479,Темирлан,Юсупов,1625,5.847058823529411,Москва
1480,Залим,Джабраилов,1593,5.611353711790393,Москва
1481,Нурсултан,Турдиев,543,5.636752136752137,Люберцы
1482,Жомарт,Абдрахманов,1657,6.589285714285714,Долгопрудный
1483,Хасан,Абдурахман,1371,8.621739130434783,Долгопрудный
1484,Дильшод,Турдиев,1227,6.96969696969697,Люберцы
1485,Евгений,Смирнов,827,6.962962962962963,Мытищи
1486,Олег,Лебедев,332,5.684931506849315,Москва
1487,Бауржан,Рахимов,1316,5.39766081871345,Балашиха
1488,Магомед,Саидов,902,6.24822695035461,Мытищи
1489,Рахмат,Махмудов,1357,5.535087719298246,Железнодорожный
1490,Расул,Ахмед,1232,6.527027027027027,Москва
1491,Жомарт,Каримов,1433,7.155778894472362,Долгопрудный
1492,Шамиль,Алиев,696,5.590551181102362,Долгопрудный
1493,Жомарт,Назаров,355,6.690987124463519,Долгопрудный
1494,Бауржан,Мирзаев,471,5.972093023255814,Балашиха
1495,Дильшод,Махмудов,1214,5.5131578947368425,Долгопрудный
1496,Рахмат,Юсупов,1322,6.0,Реутов
1497,Рахмат,Мирзаев,568,7.107692307692307,Железнодорожный
1498,Аслан,Джабраилов,455,6.776315789473684,Москва
1499,Темирлан,Каримов,669,6.540284360189573,Москва
1500,Иван,Иванов,422,8.047413793103448,Долгопрудный
1501,Жомарт,Махмудов,378,4.650862068965517,Долгопрудный
1502,Евгений,Сидоров,394,7.9789029535864975,Подольск
1503,Темирлан,Жумаев,401,4.802575107296137,Москва
1504,Алексей,Иванов,1225,5.497797356828194,Химки
1505,Павел,Смирнов,1092,5.607407407407408,Подольск
1506,Дильшод,Касымов,536,7.23125,Долгопрудный
1507,Залим,Исаев,830,6.031645569620253,Люберцы
1508,Темирлан,Касымов,791,5.146017699115045,Москва
1509,Мария,Кузнецова,18,6.261224489795918,Москва
1510,Мурад,Магомедов,75,6.794117647058823,Москва
1511,Алексей,Козлов,1378,5.5851851851851855,Подольск
1512,Рахмат,Саидов,137,6.28740157480315,Железнодорожный
1513,Нурсултан,Абдрахманов,99,6.080851063829787,Железнодорожный
1514,Аслан,Исаев,83,7.38,Люберцы
1515,Дильшод,Абдрахманов,1673,5.510121457489879,Люберцы
1516,Темирлан,Абдрахманов,1556,6.1,Москва
1517,Жомарт,Рахимов,913,5.3604651162790695,Москва
1518,Олег,Новиков,1249,5.793103448275862,Москва
1519,Гамид,Алиев,22,7.594142259414226,Москва
1520,Рахмат,Мирзаев,475,7.134920634920635,Москва
1521,Михаил,Морозов,1792,6.89622641509434,Мытищи
1522,Дильшод,Абдуллаев,435,5.944954128440367,Москва
1523,Дмитрий,Кузнецов,1140,7.061904761904762,Железнодорожный
1524,Алишер,Юсупов,561,6.32089552238806,Москва
1525,Шамиль,Караев,1508,6.297101449275362,Железнодорожный
1526,Евгений,Петров,546,6.399141630901288,Москва
1527,Мурад,Абдурахман,47,5.558620689655172,Железнодорожный
1528,Бауржан,Каримов,1196,6.380952380952381,Москва
1529,Нигина,Саидова,831,8.24390243902439,Москва
1530,Олег,Лебедев,1114,5.595238095238095,Москва
1531,Эльнур,Касымов,1353,6.149038461538462,Долгопрудный
1532,Алишер,Алимов,1675,9.007246376811594,Балашиха
1533,Нигина,Абдрахманова,652,5.62621359223301,Москва
1534,Ислам,Гаджиев,1410,5.903225806451613,Подольск
1535,Дильшод,Махмудов,1161,5.714285714285714,Железнодорожный
1536,Бауржан,Каримов,960,6.8108108108108105,Москва
1537,Залим,Гаджиев,1158,6.345991561181434,Подольск
1538,Татьяна,Кузнецова,1257,7.627118644067797,Москва
1539,Эльнур,Алимов,1011,6.408333333333333,Долгопрудный
1540,Владимир,Новиков,1502,6.2384937238493725,Мытищи
1541,Темирлан,Махмудов,1213,6.462264150943396,Москва
1542,Евгений,Новиков,398,6.191489361702128,Подольск
1543,Ислам,Магомедов,1138,6.358870967741935,Химки
1544,Ислам,Джабраилов,1388,7.873239436619718,Москва
1545,Нурсултан,Абдрахманов,360,6.358695652173913,Подольск
1546,Ислам,Караев,9,7.052208835341365,Химки
1547,Жомарт,Мирзаев,1767,7.72189349112426,Королев
1548,Гамид,Исаев,1145,6.253886010362694,Люберцы
1549,Бауржан,Мирзаев,1179,5.916666666666667,Долгопрудный
1550,Николай,Смирнов,1436,5.572413793103448,Железнодорожный
1551,Залим,Джабраилов,809,6.954802259887006,Балашиха
1552,Диля,Турдиева,273,7.48207171314741,Москва
1553,Саид,Рахимов,555,5.503225806451613,Москва
1554,Екатерина,Морозова,409,7.962121212121212,Реутов
1555,Шамиль,Саидов,996,6.546218487394958,Москва
1556,Магомед,Магомедов,210,5.915966386554622,Москва
1557,Хасан,Абдурахман,267,5.952586206896552,Железнодорожный
1558,Магомед,Юсупов,1217,5.181434599156118,Москва
1559,Залим,Алиев,1255,4.923913043478261,Мытищи
1560,Алексей,Смирнов,359,6.987704918032787,Москва
1561,Саид,Саидов,66,6.0394736842105265,Москва
1562,Мурад,Караев,539,5.864583333333333,Москва
1563,Рахмат,Махмудов,1152,6.645739910313901,Москва
1564,Дмитрий,Сидоров,1529,7.207792207792208,Москва
1565,Рахмат,Алимов,218,6.06113537117904,Железнодорожный
1566,Расул,Шарипов,255,6.182926829268292,Мытищи
1567,Гамид,Саидов,95,5.566433566433567,Москва
1568,Зара,Исаева,467,7.563953488372093,Москва
1569,Евгений,Попов,851,9.666666666666666,Железнодорожный
1570,Нигина,Каримова,1544,5.289340101522843,Москва
1571,Иван,Сидоров,630,6.794520547945205,Химки
1572,Ислам,Джабраилов,1769,7.090225563909774,Мытищи
1573,Владимир,Иванов,1315,7.583941605839416,Подольск
1574,Сергей,Иванов,702,5.826086956521739,Железнодорожный
1575,Павел,Попов,1374,9.39864864864865,Мытищи
1576,Залим,Саидов,1053,6.243055555555555,Москва
1577,Алишер,Абдрахманов,1658,6.240816326530612,Химки
1578,Владимир,Кузнецов,275,6.342245989304812,Москва
1579,Лейла,Багаева,296,7.022388059701493,Балашиха
1580,Евгений,Петров,970,5.531645569620253,Подольск
1581,Саид,Назаров,842,5.934156378600823,Подольск
1582,Рахмат,Алимов,1806,7.282258064516129,Москва
1583,Дмитрий,Смирнов,754,6.222222222222222,Москва
1584,Мурад,Саидов,938,6.920863309352518,Москва
1585,Расул,Алиев,1288,6.988636363636363,Реутов
1586,Дильшод,Алимов,737,7.813664596273292,Москва
1587,Саид,Турдиев,15,4.831932773109243,Москва
1588,Рустам,Касымов,545,6.094420600858369,Химки
1589,Владимир,Петров,1321,5.2110091743119265,Люберцы
1590,Бауржан,Абдрахманов,1135,6.545454545454546,Реутов
1591,Дмитрий,Сидоров,194,7.205240174672489,Москва
1592,Алексей,Лебедев,1763,7.967032967032967,Москва
1593,Махира,Юсупова,1686,7.95,Москва
1594,Аслан,Алиев,94,7.3954545454545455,Москва
1595,Алишер,Турдиев,1001,6.4104803493449785,Москва
1596,Сергей,Новиков,1799,7.211538461538462,Москва
1597,Алишер,Турдиев,775,6.200757575757576,Москва
1598,Алишер,Рахимов,1174,7.308641975308642,Долгопрудный
1599,Рахмат,Турдиев,17,6.525581395348837,Москва
1600,Эльнур,Турдиев,1182,6.824675324675325,Москва
1601,Дильшод,Махмудов,686,7.090128755364807,Железнодорожный
1602,Рахмат,Турдиев,427,6.6016260162601625,Мытищи
1603,Залим,Юсупов,763,7.172413793103448,Люберцы
1604,Ольга,Попова,1173,6.9491525423728815,Мытищи
1605,Нурсултан,Алимов,982,5.4576271186440675,Москва
1606,Алишер,Юсупов,1730,6.157894736842105,Москва
1607,Алишер,Жумаев,183,7.13135593220339,Москва
1608,Магомед,Исаев,1755,5.912133891213389,Железнодорожный
1609,Владимир,Новиков,565,5.3496932515337425,Москва
