id,mark,model,tariff,rent_cost
1,Lada,Granta,эконом,1550
2,Daewoo,Matiz,эконом,1450
3,Chevrolet,Spark,эконом,1550
4,Mitsubishi,Outlander,комфорт+,3250
5,Volkswagen,Passat,комфорт+,2600
6,Fiat,Panda,эконом,1750
7,Daewoo,Matiz,эконом,1750
8,Volkswagen,Passat,комфорт+,2500
9,Fiat,Panda,эконом,1550
10,Hyundai,Elantra,комфорт,2050
11,Hyundai,Elantra,комфорт,2050
12,Chery,Tiggo 4,комфорт,1700
13,Datsun,on-DO,эконом,1800
14,Honda,Accord,комфорт+,2500
15,Ford,Mondeo,комфорт+,2250
16,Kia,Rio,эконом,1600
17,Chevrolet,Spark,эконом,1350
18,Hyundai,Solaris,эконом,1300
19,Nissan,Qashqai,комфорт+,3100
20,Subaru,Outback,комфорт+,3200
21,Fiat,Panda,эконом,1600
22,Kia,Rio,эконом,1550
23,Citroen,C4,комфорт,2100
24,Skoda,Octavia,комфорт+,2100
25,Daewoo,Matiz,эконом,1500
26,Renault,Logan,эконом,1250
27,Peugeot,508,комфорт+,2050
28,Chevrolet,Spark,эконом,1350
29,Lada,Granta,эконом,1200
30,Nissan,Qashqai,комфорт+,2550
31,Chery,Tiggo 2,эконом,1200
32,Datsun,on-DO,эконом,1700
33,Lada,Granta,эконом,1450
34,Kia,Rio,эконом,1500
35,Datsun,on-DO,эконом,1750
36,Kia,Rio,эконом,1750
37,Geely,Emgrand,комфорт,1950
38,Fiat,Panda,эконом,1800
39,Skoda,Rapid,комфорт,2300
40,Geely,MK,эконом,1300
41,Lada,Granta,эконом,1250
42,Chery,Tiggo 4,комфорт,1900
43,Volkswagen,Passat,комфорт+,2400
44,Hyundai,Solaris,эконом,1600
45,Mitsubishi,Outlander,комфорт+,2400
46,Chevrolet,Spark,эконом,1600
47,Chery,Tiggo 7,комфорт+,3500
48,Suzuki,Alto,эконом,1250
49,Geely,MK,эконом,1450
50,Geely,MK,эконом,1300
51,Chery,Tiggo 2,эконом,1700
52,Hyundai,Solaris,эконом,1350
53,Lada,Granta,эконом,1500
54,Nissan,Qashqai,комфорт+,2450
55,Fiat,Panda,эконом,1700
56,Daewoo,Matiz,эконом,1450
57,Chevrolet,Spark,эконом,1550
58,Hyundai,Elantra,комфорт,1950
59,Mitsubishi,Outlander,комфорт+,2550
60,Chery,Tiggo 2,эконом,1650
61,Citroen,C4,комфорт,1900
62,Datsun,on-DO,эконом,1450
63,Chery,Tiggo 7,комфорт+,2600
64,Peugeot,508,комфорт+,2000
65,Citroen,C4,комфорт,2300
66,Geely,MK,эконом,1200
67,Datsun,on-DO,эконом,1450
68,Chery,Tiggo 7,комфорт+,3150
69,Toyota,Corolla,комфорт,1750
70,Kia,Rio,эконом,1450
71,Chevrolet,Spark,эконом,1450
72,Suzuki,Alto,эконом,1500
73,Lada,Granta,эконом,1550
74,Geely,Atlas,комфорт+,2200
75,Datsun,on-DO,эконом,1500
76,Chevrolet,Spark,эконом,1250
77,Suzuki,Alto,эконом,1550
78,Lada,Granta,эконом,1550
79,Daewoo,Matiz,эконом,1250
80,Hyundai,Solaris,эконом,1600
81,Toyota,Corolla,комфорт,2000
82,Volkswagen,Polo,эконом,1500
83,Skoda,Rapid,комфорт,1800
84,Honda,Civic,комфорт,1750
85,Fiat,Panda,эконом,1650
86,Fiat,Panda,эконом,1400
87,Fiat,Panda,эконом,1200
88,Honda,Accord,комфорт+,2400
89,Lada,Granta,эконом,1300
90,Volkswagen,Polo,эконом,1700
91,Chery,Tiggo 7,комфорт+,2800
92,Fiat,Panda,эконом,1250
93,Suzuki,Alto,эконом,1700
94,Geely,MK,эконом,1350
95,Geely,Atlas,комфорт+,2000
96,Datsun,on-DO,эконом,1450
97,Chery,Tiggo 2,эконом,1400
98,Opel,Astra,комфорт,1850
99,Chevrolet,Spark,эконом,1600
100,Geely,MK,эконом,1800
101,Geely,Emgrand,комфорт,1800
102,Mitsubishi,Outlander,комфорт+,3050
103,Renault,Logan,эконом,1250
104,Daewoo,Matiz,эконом,1450
105,Honda,Civic,комфорт,1900
106,Skoda,Rapid,комфорт,2250
107,Geely,Atlas,комфорт+,2250
108,Suzuki,Alto,эконом,1400
109,Renault,Logan,эконом,1350
110,Chevrolet,Spark,эконом,1400
111,Mitsubishi,Outlander,комфорт+,2350
112,Daewoo,Matiz,эконом,1700
113,Chery,Tiggo 2,эконом,1600
114,Hyundai,Elantra,комфорт,2150
115,Mazda,6,комфорт+,2100
116,Volkswagen,Passat,комфорт+,2500
117,Peugeot,508,комфорт+,2600
118,Renault,Logan,эконом,1250
119,Daewoo,Matiz,эконом,1550
120,Volkswagen,Jetta,комфорт,2100
121,Chevrolet,Spark,эконом,1800
122,Lada,Granta,эконом,1200
123,Chevrolet,Spark,эконом,1650
124,Datsun,on-DO,эконом,1500
125,Kia,Rio,эконом,1350
126,Kia,Rio,эконом,1350
127,Honda,Civic,комфорт,2300
128,Lada,Granta,эконом,1800
129,Peugeot,508,комфорт+,2750
130,Lada,Granta,эконом,1350
131,Lada,Granta,эконом,1600
132,Chevrolet,Spark,эконом,1350
133,Chevrolet,Spark,эконом,1450
134,Skoda,Rapid,комфорт,2100
135,Subaru,Outback,комфорт+,2400
136,Nissan,Qashqai,комфорт+,2100
137,Renault,Logan,эконом,1200
138,Chery,Tiggo 2,эконом,1800
139,Ford,Mondeo,комфорт+,2500
140,Chevrolet,Spark,эконом,1600
141,Daewoo,Matiz,эконом,1200
142,Chery,Tiggo 4,комфорт,2100
143,Geely,MK,эконом,1450
144,Mazda,3,комфорт,2050
145,Lada,Granta,эконом,1600
146,Volkswagen,Jetta,комфорт,2150
147,Datsun,on-DO,эконом,1200
148,Volkswagen,Polo,эконом,1600
149,Daewoo,Matiz,эконом,1450
150,Opel,Astra,комфорт,1650
151,Datsun,on-DO,эконом,1500
152,Chery,Tiggo 2,эконом,1200
153,Datsun,on-DO,эконом,1600
154,Mitsubishi,Outlander,комфорт+,2950
155,Honda,Accord,комфорт+,3100
156,Renault,Logan,эконом,1500
157,Volkswagen,Polo,эконом,1750
158,Kia,Rio,эконом,1450
159,Mitsubishi,Outlander,комфорт+,2350
160,Suzuki,Alto,эконом,1650
161,Nissan,Qashqai,комфорт+,3250
162,Fiat,Panda,эконом,1600
163,Renault,Logan,эконом,1350
164,Chery,Tiggo 4,комфорт,1750
165,Datsun,on-DO,эконом,1750
166,Honda,Civic,комфорт,2400
167,Chery,Tiggo 2,эконом,1450
168,Chery,Tiggo 4,комфорт,1950
169,Suzuki,Alto,эконом,1750
170,Chery,Tiggo 2,эконом,1750
171,Chery,Tiggo 4,комфорт,2300
172,Kia,Rio,эконом,1500
173,Datsun,on-DO,эконом,1550
174,Fiat,Panda,эконом,1400
175,Volkswagen,Polo,эконом,1450
176,Hyundai,Solaris,эконом,1200
177,Peugeot,408,комфорт,2100
178,Chery,Tiggo 7,комфорт+,2800
179,Fiat,Panda,эконом,1800
180,Peugeot,408,комфорт,1950
181,Hyundai,Solaris,эконом,1750
182,Citroen,C4,комфорт,1750
183,Datsun,on-DO,эконом,1650
184,Daewoo,Matiz,эконом,1550
185,Volkswagen,Jetta,комфорт,2050
186,Chery,Tiggo 4,комфорт,2200
187,Chevrolet,Spark,эконом,1200
188,Suzuki,Alto,эконом,1350
189,Geely,MK,эконом,1250
190,Fiat,Panda,эконом,1650
191,Geely,Emgrand,комфорт,2000
192,Geely,Atlas,комфорт+,2950
193,Mitsubishi,Outlander,комфорт+,3300
194,Chery,Tiggo 2,эконом,1650
195,Honda,Civic,комфорт,1600
196,Kia,Rio,эконом,1300
197,Datsun,on-DO,эконом,1650
198,Chery,Tiggo 2,эконом,1650
199,Lada,Granta,эконом,1450
200,Kia,Optima,комфорт,1800
201,Skoda,Octavia,комфорт+,2350
202,Chevrolet,Spark,эконом,1550
203,Toyota,Camry,комфорт+,3000
204,Honda,Accord,комфорт+,3300
205,Volkswagen,Polo,эконом,1250
206,Mitsubishi,Outlander,комфорт+,2850
207,Toyota,Camry,комфорт+,2550
208,Daewoo,Matiz,эконом,1500
209,Hyundai,Solaris,эконом,1800
210,Datsun,on-DO,эконом,1800
211,Ford,Mondeo,комфорт+,3200
212,Hyundai,Solaris,эконом,1250
213,Mitsubishi,Outlander,комфорт+,2350
214,Chery,Tiggo 4,комфорт,2400
215,Honda,Accord,комфорт+,3150
216,Toyota,Camry,комфорт+,2600
217,Volkswagen,Jetta,комфорт,1600
218,Daewoo,Matiz,эконом,1650
219,Lada,Granta,эконом,1600
220,Datsun,on-DO,эконом,1600
221,Volkswagen,Passat,комфорт+,3250
222,Toyota,Corolla,комфорт,2500
223,Renault,Logan,эконом,1500
224,Chevrolet,Spark,эконом,1300
225,Hyundai,Solaris,эконом,1400
226,Citroen,C4,комфорт,2300
227,Suzuki,Alto,эконом,1700
228,Volkswagen,Jetta,комфорт,1600
229,Chery,Tiggo 2,эконом,1750
230,Chery,Tiggo 4,комфорт,1750
231,Hyundai,Elantra,комфорт,2350
232,Chevrolet,Spark,эконом,1550
233,Toyota,Camry,комфорт+,3400
234,Honda,Accord,комфорт+,3000
235,Volkswagen,Polo,эконом,1300
236,Geely,Atlas,комфорт+,2000
237,Honda,Civic,комфорт,2200
238,Volkswagen,Jetta,комфорт,2300
239,Kia,Rio,эконом,1200
240,Datsun,on-DO,эконом,1300
241,Renault,Logan,эконом,1250
242,Geely,MK,эконом,1250
243,Nissan,Qashqai,комфорт+,3100
244,Skoda,Rapid,комфорт,1650
245,Toyota,Corolla,комфорт,1650
246,Skoda,Octavia,комфорт+,2950
247,Mitsubishi,Outlander,комфорт+,3000
248,Volkswagen,Polo,эконом,1300
249,Lada,Granta,эконом,1800
250,Fiat,Panda,эконом,1600
251,Toyota,Camry,комфорт+,3200
252,Opel,Astra,комфорт,2450
253,Toyota,Corolla,комфорт,1750
254,Skoda,Rapid,комфорт,2200
255,Chery,Tiggo 2,эконом,1600
256,Chery,Tiggo 4,комфорт,2500
257,Chevrolet,Spark,эконом,1650
258,Kia,Rio,эконом,1700
259,Hyundai,Solaris,эконом,1400
260,Subaru,Outback,комфорт+,3300
261,Chevrolet,Spark,эконом,1750
262,Mazda,3,комфорт,2250
263,Volkswagen,Polo,эконом,1750
264,Geely,Atlas,комфорт+,2100
265,Subaru,Outback,комфорт+,2000
266,Volkswagen,Polo,эконом,1400
267,Lada,Granta,эконом,1300
268,Geely,MK,эконом,1350
269,Renault,Logan,эконом,1750
270,Chery,Tiggo 7,комфорт+,2300
271,Suzuki,Alto,эконом,1400
272,Mitsubishi,Outlander,комфорт+,2500
273,Renault,Logan,эконом,1650
274,Hyundai,Solaris,эконом,1450
275,Geely,Emgrand,комфорт,1750
276,Skoda,Octavia,комфорт+,2100
277,Geely,MK,эконом,1500
278,Geely,MK,эконом,1800
279,Fiat,Panda,эконом,1550
280,Lada,Granta,эконом,1500
281,Kia,Rio,эконом,1550
282,Datsun,on-DO,эконом,1450
283,Nissan,Qashqai,комфорт+,3500
284,Volkswagen,Polo,эконом,1750
285,Geely,Emgrand,комфорт,1650
286,Volkswagen,Polo,эконом,1800
287,Mazda,3,комфорт,2400
288,Toyota,Camry,комфорт+,2800
289,Chery,Tiggo 4,комфорт,1950
290,Mazda,3,комфорт,2350
291,Volkswagen,Polo,эконом,1800
292,Datsun,on-DO,эконом,1550
293,Mitsubishi,Outlander,комфорт+,2750
294,Hyundai,Elantra,комфорт,2050
295,Volkswagen,Polo,эконом,1350
296,Mazda,6,комфорт+,2200
297,Nissan,Qashqai,комфорт+,2450
298,Volkswagen,Jetta,комфорт,1900
299,Renault,Logan,эконом,1550
300,Geely,Atlas,комфорт+,2050
301,Skoda,Rapid,комфорт,2000
302,Mitsubishi,Outlander,комфорт+,3050
303,Renault,Logan,эконом,1550
304,Lada,Granta,эконом,1500
305,Geely,MK,эконом,1200
306,Geely,MK,эконом,1600
307,Hyundai,Solaris,эконом,1250
308,Kia,Rio,эконом,1500
309,Chevrolet,Spark,эконом,1450
310,Skoda,Rapid,комфорт,2200
311,Volkswagen,Polo,эконом,1200
312,Datsun,on-DO,эконом,1750
313,Skoda,Rapid,комфорт,1850
314,Fiat,Panda,эконом,1400
315,Geely,MK,эконом,1650
316,Renault,Logan,эконом,1400
317,Opel,Astra,комфорт,2450
318,Peugeot,508,комфорт+,2900
319,Ford,Mondeo,комфорт+,3250
320,Geely,MK,эконом,1600
321,Geely,MK,эконом,1650
322,Geely,Atlas,комфорт+,2950
323,Peugeot,508,комфорт+,3450
324,Honda,Accord,комфорт+,3450
325,Geely,MK,эконом,1650
326,Hyundai,Solaris,эконом,1400
327,Chery,Tiggo 2,эконом,1400
328,Hyundai,Solaris,эконом,1600
329,Nissan,Qashqai,комфорт+,2850
330,Lada,Granta,эконом,1350
331,Hyundai,Solaris,эконом,1600
332,Hyundai,Solaris,эконом,1550
333,Skoda,Rapid,комфорт,2200
334,Lada,Granta,эконом,1350
335,Ford,Mondeo,комфорт+,2100
336,Geely,Atlas,комфорт+,2200
337,Kia,Optima,комфорт,1850
338,Chery,Tiggo 7,комфорт+,2050
339,Chevrolet,Spark,эконом,1700
340,Toyota,Camry,комфорт+,3000
341,Datsun,on-DO,эконом,1750
342,Volkswagen,Polo,эконом,1200
343,Opel,Astra,комфорт,2450
344,Ford,Mondeo,комфорт+,3100
345,Lada,Granta,эконом,1800
346,Volkswagen,Polo,эконом,1750
347,Toyota,Corolla,комфорт,1850
348,Opel,Astra,комфорт,1600
349,Datsun,on-DO,эконом,1650
350,Lada,Granta,эконом,1450
351,Citroen,C4,комфорт,2500
352,Geely,Atlas,комфорт+,2000
353,Citroen,C4,комфорт,1850
354,Fiat,Panda,эконом,1600
355,Lada,Granta,эконом,1650
356,Lada,Granta,эконом,1250
357,Hyundai,Elantra,комфорт,2400
358,Chery,Tiggo 2,эконом,1800
359,Datsun,on-DO,эконом,1450
360,Mazda,3,комфорт,2100
361,Chevrolet,Spark,эконом,1550
362,Chery,Tiggo 2,эконом,1350
363,Renault,Logan,эконом,1450
364,Geely,MK,эконом,1750
365,Mitsubishi,Outlander,комфорт+,3400
366,Volkswagen,Polo,эконом,1700
367,Chery,Tiggo 2,эконом,1250
368,Volkswagen,Jetta,комфорт,2150
369,Ford,Mondeo,комфорт+,2900
370,Peugeot,508,комфорт+,2350
371,Peugeot,408,комфорт,1950
372,Geely,MK,эконом,1450
373,Peugeot,408,комфорт,2400
374,Chery,Tiggo 4,комфорт,2000
375,Daewoo,Matiz,эконом,1400
376,Daewoo,Matiz,эконом,1650
377,Honda,Accord,комфорт+,3100
378,Lada,Granta,эконом,1550
379,Mazda,6,комфорт+,3300
380,Geely,MK,эконом,1350
381,Hyundai,Solaris,эконом,1650
382,Honda,Civic,комфорт,2500
383,Peugeot,508,комфорт+,2850
384,Lada,Granta,эконом,1700
385,Chery,Tiggo 2,эконом,1350
386,Skoda,Octavia,комфорт+,3050
387,Honda,Accord,комфорт+,2700
388,Chery,Tiggo 2,эконом,1700
389,Toyota,Camry,комфорт+,2150
390,Mitsubishi,Outlander,комфорт+,3200
391,Kia,Rio,эконом,1450
392,Suzuki,Alto,эконом,1700
393,Kia,Optima,комфорт,1900
394,Lada,Granta,эконом,1550
395,Lada,Granta,эконом,1700
396,Mazda,3,комфорт,1750
397,Chery,Tiggo 7,комфорт+,2000
398,Volkswagen,Passat,комфорт+,2150
399,Chery,Tiggo 7,комфорт+,2300
400,Kia,Optima,комфорт,1800
401,Renault,Logan,эконом,1800
402,Kia,Rio,эконом,1400
403,Suzuki,Alto,эконом,1600
404,Hyundai,Solaris,эконом,1750
405,Mitsubishi,Outlander,комфорт+,2150
406,Geely,MK,эконом,1800
407,Citroen,C4,комфорт,2450
408,Datsun,on-DO,эконом,1650
409,Chery,Tiggo 2,эконом,1550
410,Hyundai,Solaris,эконом,1550
411,Chevrolet,Spark,эконом,1400
412,Toyota,Corolla,комфорт,1950
413,Mitsubishi,Outlander,комфорт+,2650
414,Hyundai,Solaris,эконом,1350
415,Honda,Civic,комфорт,2300
416,Citroen,C4,комфорт,1850
417,Volkswagen,Jetta,комфорт,2200
418,Ford,Mondeo,комфорт+,3450
419,Suzuki,Alto,эконом,1250
420,Kia,Rio,эконом,1700
421,Daewoo,Matiz,эконом,1700
422,Daewoo,Matiz,эконом,1400
423,Volkswagen,Passat,комфорт+,2900
424,Volkswagen,Passat,комфорт+,3000
425,Kia,Rio,эконом,1450
426,Datsun,on-DO,эконом,1450
427,Hyundai,Solaris,эконом,1500
428,Chery,Tiggo 4,комфорт,1600
429,Kia,Rio,эконом,1700
430,Suzuki,Alto,эконом,1400
431,Datsun,on-DO,эконом,1500
432,Kia,Rio,эконом,1600
433,Lada,Granta,эконом,1600
434,Datsun,on-DO,эконом,1800
435,Datsun,on-DO,эконом,1300
436,Citroen,C4,комфорт,2050
437,Geely,MK,эконом,1300
438,Mazda,6,комфорт+,3400
439,Chery,Tiggo 7,комфорт+,3400
440,Renault,Logan,эконом,1450
441,Geely,Atlas,комфорт+,2500
442,Geely,MK,эконом,1800
443,Fiat,Panda,эконом,1600
444,Geely,Emgrand,комфорт,2100
445,Suzuki,Alto,эконом,1600
446,Geely,MK,эконом,1500
447,Daewoo,Matiz,эконом,1700
448,Chery,Tiggo 2,эконом,1250
449,Renault,Logan,эконом,1700
450,Subaru,Outback,комфорт+,2300
451,Datsun,on-DO,эконом,1250
452,Subaru,Outback,комфорт+,2500
453,Hyundai,Solaris,эконом,1600
454,Citroen,C4,комфорт,1700
455,Chery,Tiggo 2,эконом,1650
456,Volkswagen,Polo,эконом,1700
457,Kia,Rio,эконом,1700
458,Datsun,on-DO,эконом,1600
459,Suzuki,Alto,эконом,1750
460,Geely,MK,эконом,1750
461,Chery,Tiggo 2,эконом,1250
462,Lada,Granta,эконом,1300
463,Chery,Tiggo 2,эконом,1800
464,Skoda,Rapid,комфорт,1750
465,Fiat,Panda,эконом,1500
466,Peugeot,508,комфорт+,2100
467,Skoda,Rapid,комфорт,2450
468,Chevrolet,Spark,эконом,1700
469,Skoda,Octavia,комфорт+,3150
470,Hyundai,Solaris,эконом,1400
471,Renault,Logan,эконом,1300
472,Geely,Atlas,комфорт+,2600
473,Honda,Civic,комфорт,2350
474,Geely,Emgrand,комфорт,1900
475,Chery,Tiggo 7,комфорт+,3150
476,Opel,Astra,комфорт,2350
477,Chery,Tiggo 4,комфорт,2100
478,Geely,Atlas,комфорт+,3100
479,Peugeot,508,комфорт+,2900
480,Chery,Tiggo 4,комфорт,1950
481,Fiat,Panda,эконом,1450
482,Kia,Optima,комфорт,2450
483,Geely,Atlas,комфорт+,2550
484,Lada,Granta,эконом,1200
485,Kia,Optima,комфорт,2150
486,Geely,MK,эконом,1400
487,Geely,Atlas,комфорт+,3150
488,Kia,Rio,эконом,1600
489,Lada,Granta,эконом,1350
490,Ford,Mondeo,комфорт+,2100
491,Hyundai,Elantra,комфорт,2200
492,Suzuki,Alto,эконом,1500
493,Kia,Rio,эконом,1550
494,Skoda,Rapid,комфорт,2100
495,Fiat,Panda,эконом,1750
496,Suzuki,Alto,эконом,1200
497,Ford,Mondeo,комфорт+,3300
498,Geely,MK,эконом,1400
499,Peugeot,408,комфорт,1950
500,Suzuki,Alto,эконом,1650
501,Geely,MK,эконом,1350
502,Skoda,Octavia,комфорт+,3050
503,Lada,Granta,эконом,1650
504,Kia,Rio,эконом,1600
505,Hyundai,Solaris,эконом,1600
506,Nissan,Qashqai,комфорт+,2850
507,Geely,Emgrand,комфорт,2250
508,Kia,Rio,эконом,1400
509,Nissan,Qashqai,комфорт+,2400
510,Volkswagen,Polo,эконом,1200
511,Suzuki,Alto,эконом,1200
512,Chevrolet,Spark,эконом,1750
513,Hyundai,Solaris,эконом,1550
514,Hyundai,Solaris,эконом,1800
515,Datsun,on-DO,эконом,1250
516,Hyundai,Elantra,комфорт,1800
517,Mazda,3,комфорт,2450
518,Geely,MK,эконом,1650
519,Geely,Emgrand,комфорт,2200
520,Chery,Tiggo 2,эконом,1500
521,Suzuki,Alto,эконом,1750
522,Kia,Rio,эконом,1200
523,Daewoo,Matiz,эконом,1800
524,Renault,Logan,эконом,1200
525,Fiat,Panda,эконом,1350
526,Fiat,Panda,эконом,1600
527,Honda,Civic,комфорт,1800
528,Mitsubishi,Outlander,комфорт+,2500
529,Chevrolet,Spark,эконом,1400
530,Suzuki,Alto,эконом,1400
531,Honda,Civic,комфорт,1600
532,Chery,Tiggo 2,эконом,1250
533,Volkswagen,Polo,эконом,1750
534,Lada,Granta,эконом,1300
535,Honda,Civic,комфорт,1950
536,Hyundai,Elantra,комфорт,2050
537,Geely,MK,эконом,1250
538,Hyundai,Elantra,комфорт,2400
539,Kia,Optima,комфорт,2300
540,Lada,Granta,эконом,1450
541,Daewoo,Matiz,эконом,1400
542,Suzuki,Alto,эконом,1650
543,Datsun,on-DO,эконом,1400
544,Peugeot,508,комфорт+,2700
545,Renault,Logan,эконом,1550
546,Lada,Granta,эконом,1500
547,Skoda,Octavia,комфорт+,2000
548,Datsun,on-DO,эконом,1400
549,Fiat,Panda,эконом,1250
550,Lada,Granta,эконом,1300
551,Hyundai,Elantra,комфорт,1700
552,Datsun,on-DO,эконом,1250
553,Mazda,3,комфорт,2100
554,Geely,MK,эконом,1250
555,Toyota,Corolla,комфорт,2400
556,Volkswagen,Polo,эконом,1550
557,Kia,Rio,эконом,1200
558,Chery,Tiggo 2,эконом,1750
559,Daewoo,Matiz,эконом,1400
560,Chery,Tiggo 2,эконом,1800
561,Honda,Accord,комфорт+,2450
562,Renault,Logan,эконом,1200
563,Daewoo,Matiz,эконом,1300
564,Mitsubishi,Outlander,комфорт+,3100
565,Mazda,3,комфорт,2400
566,Kia,Rio,эконом,1550
567,Toyota,Corolla,комфорт,2450
568,Honda,Accord,комфорт+,3100
569,Lada,Granta,эконом,1750
570,Toyota,Camry,комфорт+,2100
571,Chery,Tiggo 7,комфорт+,2000
572,Toyota,Corolla,комфорт,2100
573,Kia,Optima,комфорт,2500
574,Kia,Rio,эконом,1350
575,Toyota,Camry,комфорт+,2750
576,Datsun,on-DO,эконом,1750
577,Volkswagen,Jetta,комфорт,1900
578,Honda,Accord,комфорт+,2650
579,Chery,Tiggo 4,комфорт,2000
580,Kia,Optima,комфорт,2350
581,Hyundai,Solaris,эконом,1250
582,Kia,Rio,эконом,1300
583,Ford,Mondeo,комфорт+,2850
584,Renault,Logan,эконом,1750
585,Datsun,on-DO,эконом,1750
586,Renault,Logan,эконом,1750
587,Lada,Granta,эконом,1400
588,Lada,Granta,эконом,1700
589,Kia,Rio,эконом,1600
590,Datsun,on-DO,эконом,1500
591,Hyundai,Solaris,эконом,1550
592,Kia,Rio,эконом,1500
593,Volkswagen,Polo,эконом,1750
594,Datsun,on-DO,эконом,1200
595,Fiat,Panda,эконом,1350
596,Renault,Logan,эконом,1200
597,Mazda,6,комфорт+,2900
598,Peugeot,408,комфорт,2250
599,Geely,MK,эконом,1350
600,Hyundai,Solaris,эконом,1700
601,Daewoo,Matiz,эконом,1700
602,Toyota,Corolla,комфорт,1850
603,Chery,Tiggo 2,эконом,1650
604,Mazda,3,комфорт,2450
605,Subaru,Outback,комфорт+,2700
606,Hyundai,Solaris,эконом,1500
607,Suzuki,Alto,эконом,1250
608,Renault,Logan,эконом,1700
609,Subaru,Outback,комфорт+,2900
610,Fiat,Panda,эконом,1500
611,Honda,Accord,комфорт+,3150
612,Kia,Rio,эконом,1350
613,Toyota,Corolla,комфорт,2150
614,Hyundai,Elantra,комфорт,1850
615,Kia,Rio,эконом,1350
616,Chery,Tiggo 4,комфорт,1700
617,Chery,Tiggo 7,комфорт+,2450
618,Mitsubishi,Outlander,комфорт+,2400
619,Suzuki,Alto,эконом,1200
620,Lada,Granta,эконом,1800
621,Geely,MK,эконом,1500
622,Toyota,Corolla,комфорт,2250
623,Kia,Rio,эконом,1650
624,Renault,Logan,эконом,1400
625,Subaru,Outback,комфорт+,2500
626,Chery,Tiggo 4,комфорт,2000
627,Fiat,Panda,эконом,1650
628,Volkswagen,Passat,комфорт+,2800
629,Chery,Tiggo 2,эконом,1750
630,Honda,Accord,комфорт+,2650
631,Suzuki,Alto,эконом,1200
632,Volkswagen,Polo,эконом,1350
633,Opel,Astra,комфорт,1950
634,Chevrolet,Spark,эконом,1600
635,Chery,Tiggo 4,комфорт,2350
636,Chery,Tiggo 2,эконом,1600
637,Geely,MK,эконом,1600
638,Datsun,on-DO,эконом,1800
639,Chery,Tiggo 7,комфорт+,2650
640,Chery,Tiggo 4,комфорт,2400
641,Renault,Logan,эконом,1400
642,Geely,MK,эконом,1650
643,Renault,Logan,эконом,1400
644,Skoda,Octavia,комфорт+,2850
645,Chevrolet,Spark,эконом,1450
646,Daewoo,Matiz,эконом,1600
647,Renault,Logan,эконом,1200
648,Citroen,C4,комфорт,1950
649,Hyundai,Solaris,эконом,1550
650,Chery,Tiggo 4,комфорт,1950
651,Daewoo,Matiz,эконом,1700
652,Hyundai,Solaris,эконом,1800
653,Skoda,Octavia,комфорт+,2100
654,Geely,Atlas,комфорт+,3300
655,Hyundai,Solaris,эконом,1550
656,Peugeot,508,комфорт+,2550
657,Datsun,on-DO,эконом,1650
658,Mitsubishi,Outlander,комфорт+,3050
659,Subaru,Outback,комфорт+,2200
660,Suzuki,Alto,эконом,1550
661,Kia,Rio,эконом,1200
662,Toyota,Corolla,комфорт,2400
663,Geely,MK,эконом,1450
664,Toyota,Camry,комфорт+,2450
665,Skoda,Octavia,комфорт+,3450
666,Geely,Atlas,комфорт+,3150
667,Volkswagen,Polo,эконом,1800
668,Kia,Rio,эконом,1200
669,Datsun,on-DO,эконом,1650
670,Geely,Emgrand,комфорт,1750
671,Renault,Logan,эконом,1750
672,Suzuki,Alto,эконом,1600
673,Chery,Tiggo 7,комфорт+,2800
674,Volkswagen,Polo,эконом,1550
675,Mazda,3,комфорт,2350
676,Peugeot,508,комфорт+,3400
677,Renault,Logan,эконом,1300
678,Toyota,Camry,комфорт+,3050
679,Datsun,on-DO,эконом,1600
680,Suzuki,Alto,эконом,1800
681,Mazda,6,комфорт+,3350
682,Subaru,Outback,комфорт+,2600
683,Chevrolet,Spark,эконом,1650
684,Toyota,Camry,комфорт+,3000
685,Mazda,3,комфорт,1800
686,Lada,Granta,эконом,1750
687,Hyundai,Solaris,эконом,1700
688,Suzuki,Alto,эконом,1300
689,Subaru,Outback,комфорт+,2650
690,Lada,Granta,эконом,1600
691,Geely,Emgrand,комфорт,2350
692,Opel,Astra,комфорт,1600
693,Kia,Rio,эконом,1700
694,Citroen,C4,комфорт,1900
695,Renault,Logan,эконом,1750
696,Ford,Mondeo,комфорт+,3150
697,Chery,Tiggo 2,эконом,1750
698,Datsun,on-DO,эконом,1800
699,Mazda,3,комфорт,2300
700,Chevrolet,Spark,эконом,1750
701,Mazda,3,комфорт,2300
702,Renault,Logan,эконом,1500
703,Subaru,Outback,комфорт+,2250
704,Geely,MK,эконом,1250
705,Mazda,6,комфорт+,3000
706,Chery,Tiggo 2,эконом,1350
707,Chery,Tiggo 2,эконом,1200
708,Nissan,Qashqai,комфорт+,3250
709,Datsun,on-DO,эконом,1700
710,Geely,MK,эконом,1700
711,Geely,Emgrand,комфорт,2250
712,Suzuki,Alto,эконом,1300
713,Chery,Tiggo 2,эконом,1350
714,Daewoo,Matiz,эконом,1650
715,Peugeot,508,комфорт+,2000
716,Chevrolet,Spark,эконом,1450
717,Datsun,on-DO,эконом,1250
718,Renault,Logan,эконом,1800
719,Skoda,Rapid,комфорт,1800
720,Daewoo,Matiz,эконом,1700
721,Volkswagen,Jetta,комфорт,1600
722,Datsun,on-DO,эконом,1500
723,Daewoo,Matiz,эконом,1500
724,Skoda,Rapid,комфорт,1750
725,Suzuki,Alto,эконом,1450
726,Chevrolet,Spark,эконом,1400
727,Kia,Rio,эконом,1750
728,Chevrolet,Spark,эконом,1450
729,Hyundai,Solaris,эконом,1550
730,Mazda,6,комфорт+,3350
731,Mazda,6,комфорт+,3000
732,Peugeot,408,комфорт,1750
733,Geely,Atlas,комфорт+,3000
734,Honda,Civic,комфорт,2000
735,Renault,Logan,эконом,1800
736,Suzuki,Alto,эконом,1700
737,Mazda,3,комфорт,2100
738,Daewoo,Matiz,эконом,1700
739,Skoda,Rapid,комфорт,2300
740,Renault,Logan,эконом,1400
741,Renault,Logan,эконом,1550
742,Geely,Atlas,комфорт+,3050
743,Renault,Logan,эконом,1250
744,Suzuki,Alto,эконом,1800
745,Daewoo,Matiz,эконом,1600
746,Geely,MK,эконом,1350
747,Lada,Granta,эконом,1300
748,Datsun,on-DO,эконом,1500
749,Skoda,Octavia,комфорт+,3500
750,Suzuki,Alto,эконом,1400
751,Peugeot,508,комфорт+,3350
752,Skoda,Octavia,комфорт+,2400
753,Toyota,Camry,комфорт+,2950
754,Geely,MK,эконом,1300
755,Toyota,Corolla,комфорт,2450
756,Kia,Rio,эконом,1700
757,Chery,Tiggo 2,эконом,1300
758,Volkswagen,Jetta,комфорт,2000
759,Daewoo,Matiz,эконом,1600
760,Lada,Granta,эконом,1800
761,Fiat,Panda,эконом,1200
762,Volkswagen,Jetta,комфорт,2400
763,Daewoo,Matiz,эконом,1300
764,Mitsubishi,Outlander,комфорт+,3350
765,Mazda,3,комфорт,1700
766,Skoda,Rapid,комфорт,2300
767,Opel,Astra,комфорт,2050
768,Peugeot,408,комфорт,2150
769,Citroen,C4,комфорт,1650
770,Lada,Granta,эконом,1650
771,Skoda,Rapid,комфорт,2100
772,Volkswagen,Polo,эконом,1800
773,Hyundai,Elantra,комфорт,1700
774,Fiat,Panda,эконом,1750
775,Suzuki,Alto,эконом,1700
776,Geely,MK,эконом,1750
777,Datsun,on-DO,эконом,1700
778,Chery,Tiggo 2,эконом,1200
779,Datsun,on-DO,эконом,1500
780,Kia,Rio,эконом,1650
781,Daewoo,Matiz,эконом,1450
782,Hyundai,Elantra,комфорт,1950
783,Daewoo,Matiz,эконом,1500
784,Lada,Granta,эконом,1400
785,Daewoo,Matiz,эконом,1600
786,Geely,MK,эконом,1350
787,Volkswagen,Polo,эконом,1800
788,Chevrolet,Spark,эконом,1450
789,Chery,Tiggo 2,эконом,1800
790,Datsun,on-DO,эконом,1500
791,Fiat,Panda,эконом,1550
792,Toyota,Camry,комфорт+,2150
793,Renault,Logan,эконом,1400
794,Toyota,Corolla,комфорт,1650
795,Hyundai,Solaris,эконом,1400
796,Lada,Granta,эконом,1550
797,Toyota,Camry,комфорт+,2050
798,Geely,Emgrand,комфорт,2350
799,Renault,Logan,эконом,1700
800,Ford,Mondeo,комфорт+,3150
801,Chevrolet,Spark,эконом,1400
802,Hyundai,Solaris,эконом,1450
803,Geely,MK,эконом,1550
804,Lada,Granta,эконом,1700
805,Skoda,Rapid,комфорт,2200
806,Chery,Tiggo 7,комфорт+,2150
807,Skoda,Octavia,комфорт+,3350
808,Subaru,Outback,комфорт+,3000
809,Honda,Civic,комфорт,1600
810,Lada,Granta,эконом,1700
811,Volkswagen,Polo,эконом,1600
812,Geely,Emgrand,комфорт,1750
813,Volkswagen,Polo,эконом,1600
814,Datsun,on-DO,эконом,1200
815,Fiat,Panda,эконом,1400
816,Chery,Tiggo 7,комфорт+,2750
817,Hyundai,Solaris,эконом,1600
818,Lada,Granta,эконом,1300
819,Chevrolet,Spark,эконом,1550
820,Fiat,Panda,эконом,1500
821,Hyundai,Elantra,комфорт,1700
822,Renault,Logan,эконом,1200
823,Suzuki,Alto,эконом,1500
824,Volkswagen,Polo,эконом,1350
825,Fiat,Panda,эконом,1800
826,Volkswagen,Polo,эконом,1350
827,Peugeot,508,комфорт+,2150
828,Fiat,Panda,эконом,1700
829,Hyundai,Elantra,комфорт,2050
830,Toyota,Camry,комфорт+,3150
831,Daewoo,Matiz,эконом,1750
832,Skoda,Octavia,комфорт+,3300
833,Mazda,3,комфорт,1950
834,Datsun,on-DO,эконом,1200
835,Lada,Granta,эконом,1450
836,Chery,Tiggo 2,эконом,1550
837,Ford,Mondeo,комфорт+,2600
838,Geely,Emgrand,комфорт,1950
839,Subaru,Outback,комфорт+,3100
840,Geely,MK,эконом,1750
841,Geely,Atlas,комфорт+,2050
842,Daewoo,Matiz,эконом,1600
843,Honda,Civic,комфорт,2350
844,Mazda,3,комфорт,2350
845,Kia,Rio,эконом,1650
846,Mazda,6,комфорт+,3300
847,Datsun,on-DO,эконом,1550
848,Mitsubishi,Outlander,комфорт+,2200
849,Datsun,on-DO,эконом,1550
850,Opel,Astra,комфорт,2300
851,Peugeot,508,комфорт+,3000
852,Subaru,Outback,комфорт+,2000
853,Renault,Logan,эконом,1250
854,Honda,Civic,комфорт,2450
855,Suzuki,Alto,эконом,1550
856,Hyundai,Solaris,эконом,1300
857,Honda,Civic,комфорт,2250
858,Hyundai,Elantra,комфорт,2100
859,Volkswagen,Polo,эконом,1600
860,Honda,Accord,комфорт+,2600
861,Hyundai,Solaris,эконом,1550
862,Honda,Civic,комфорт,2250
863,Hyundai,Solaris,эконом,1500
864,Chevrolet,Spark,эконом,1350
865,Datsun,on-DO,эконом,1650
866,Volkswagen,Polo,эконом,1250
867,Suzuki,Alto,эконом,1250
868,Chevrolet,Spark,эконом,1200
869,Subaru,Outback,комфорт+,3200
870,Chery,Tiggo 4,комфорт,2450
871,Daewoo,Matiz,эконом,1250
872,Hyundai,Elantra,комфорт,1600
873,Chevrolet,Spark,эконом,1300
874,Toyota,Corolla,комфорт,1650
875,Fiat,Panda,эконом,1600
876,Renault,Logan,эконом,1250
877,Kia,Rio,эконом,1600
878,Datsun,on-DO,эконом,1300
879,Fiat,Panda,эконом,1800
880,Citroen,C4,комфорт,2350
881,Lada,Granta,эконом,1400
882,Fiat,Panda,эконом,1250
883,Suzuki,Alto,эконом,1250
884,Lada,Granta,эконом,1800
885,Geely,Emgrand,комфорт,2300
886,Kia,Optima,комфорт,1750
887,Chery,Tiggo 7,комфорт+,2300
888,Geely,MK,эконом,1400
889,Volkswagen,Passat,комфорт+,2850
890,Lada,Granta,эконом,1350
891,Renault,Logan,эконом,1200
892,Datsun,on-DO,эконом,1250
893,Honda,Accord,комфорт+,2550
894,Nissan,Qashqai,комфорт+,2200
895,Kia,Rio,эконом,1350
896,Chery,Tiggo 2,эконом,1350
897,Volkswagen,Jetta,комфорт,1700
898,Fiat,Panda,эконом,1650
899,Kia,Rio,эконом,1300
900,Toyota,Corolla,комфорт,2350
901,Datsun,on-DO,эконом,1600
902,Geely,Atlas,комфорт+,3050
903,Suzuki,Alto,эконом,1450
904,Datsun,on-DO,эконом,1400
905,Daewoo,Matiz,эконом,1650
906,Citroen,C4,комфорт,2150
907,Skoda,Octavia,комфорт+,2900
908,Daewoo,Matiz,эконом,1750
909,Geely,Atlas,комфорт+,3400
910,Hyundai,Solaris,эконом,1300
911,Datsun,on-DO,эконом,1300
912,Chevrolet,Spark,эконом,1600
913,Citroen,C4,комфорт,2100
914,Peugeot,408,комфорт,1700
915,Volkswagen,Polo,эконом,1700
916,Suzuki,Alto,эконом,1800
917,Kia,Rio,эконом,1800
918,Mitsubishi,Outlander,комфорт+,2550
919,Geely,MK,эконом,1650
920,Mazda,6,комфорт+,2950
921,Chery,Tiggo 7,комфорт+,2550
922,Chery,Tiggo 7,комфорт+,2350
923,Peugeot,408,комфорт,1900
924,Toyota,Corolla,комфорт,2400
925,Chery,Tiggo 2,эконом,1550
926,Chery,Tiggo 4,комфорт,2250
927,Suzuki,Alto,эконом,1250
928,Ford,Mondeo,комфорт+,2450
929,Volkswagen,Passat,комфорт+,2600
930,Fiat,Panda,эконом,1600
931,Daewoo,Matiz,эконом,1250
932,Chery,Tiggo 4,комфорт,1700
933,Kia,Rio,эконом,1750
934,Volkswagen,Polo,эконом,1300
935,Daewoo,Matiz,эконом,1750
936,Mazda,6,комфорт+,3000
937,Nissan,Qashqai,комфорт+,3350
938,Honda,Accord,комфорт+,2600
939,Mitsubishi,Outlander,комфорт+,3350
940,Chery,Tiggo 2,эконом,1600
941,Daewoo,Matiz,эконом,1500
942,Opel,Astra,комфорт,2200
943,Chery,Tiggo 2,эконом,1350
944,Datsun,on-DO,эконом,1500
945,Chevrolet,Spark,эконом,1550
946,Volkswagen,Polo,эконом,1200
947,Volkswagen,Polo,эконом,1300
948,Geely,MK,эконом,1450
949,Toyota,Corolla,комфорт,2300
950,Lada,Granta,эконом,1750
951,Ford,Mondeo,комфорт+,2650
952,Volkswagen,Passat,комфорт+,3000
953,Fiat,Panda,эконом,1350
954,Citroen,C4,комфорт,1650
955,Toyota,Camry,комфорт+,3000
956,Renault,Logan,эконом,1600
957,Geely,MK,эконом,1600
958,Peugeot,408,комфорт,2050
959,Skoda,Rapid,комфорт,2250
960,Subaru,Outback,комфорт+,2500
961,Kia,Rio,эконом,1200
962,Geely,MK,эконом,1700
963,Daewoo,Matiz,эконом,1300
964,Suzuki,Alto,эконом,1750
965,Kia,Optima,комфорт,2100
966,Chevrolet,Spark,эконом,1600
967,Hyundai,Solaris,эконом,1550
968,Geely,Atlas,комфорт+,2550
969,Fiat,Panda,эконом,1400
970,Geely,MK,эконом,1500
971,Ford,Mondeo,комфорт+,3000
972,Chery,Tiggo 7,комфорт+,2650
973,Hyundai,Solaris,эконом,1650
974,Datsun,on-DO,эконом,1300
975,Mazda,6,комфорт+,3500
976,Ford,Mondeo,комфорт+,3250
977,Lada,Granta,эконом,1700
978,Peugeot,508,комфорт+,2600
979,Peugeot,408,комфорт,2200
980,Volkswagen,Passat,комфорт+,2300
981,Citroen,C4,комфорт,1700
982,Daewoo,Matiz,эконом,1550
983,Geely,Atlas,комфорт+,2600
984,Lada,Granta,эконом,1450
985,Suzuki,Alto,эконом,1550
986,Renault,Logan,эконом,1800
987,Renault,Logan,эконом,1300
988,Chevrolet,Spark,эконом,1250
989,Ford,Mondeo,комфорт+,2450
990,Volkswagen,Polo,эконом,1250
991,Daewoo,Matiz,эконом,1400
992,Fiat,Panda,эконом,1500
993,Peugeot,508,комфорт+,2100
994,Ford,Mondeo,комфорт+,2800
995,Lada,Granta,эконом,1600
996,Honda,Accord,комфорт+,2700
997,Suzuki,Alto,эконом,1250
998,Peugeot,508,комфорт+,2650
999,Kia,Rio,эконом,1700
1000,Kia,Rio,эконом,1500
1001,Geely,MK,эконом,1650
1002,Opel,Astra,комфорт,2250
1003,Renault,Logan,эконом,1550
1004,Geely,MK,эконом,1550
1005,Hyundai,Solaris,эконом,1550
1006,Toyota,Corolla,комфорт,2350
1007,Renault,Logan,эконом,1650
1008,Honda,Accord,комфорт+,2500
1009,Volkswagen,Polo,эконом,1600
1010,Kia,Rio,эконом,1700
1011,Mitsubishi,Outlander,комфорт+,3350
1012,Mitsubishi,Outlander,комфорт+,2900
1013,Volkswagen,Polo,эконом,1700
1014,Hyundai,Elantra,комфорт,2500
1015,Geely,Emgrand,комфорт,1900
1016,Toyota,Camry,комфорт+,2200
1017,Citroen,C4,комфорт,1650
1018,Renault,Logan,эконом,1200
1019,Chery,Tiggo 7,комфорт+,2100
1020,Honda,Civic,комфорт,2250
1021,Chery,Tiggo 2,эконом,1750
1022,Ford,Mondeo,комфорт+,2850
1023,Peugeot,408,комфорт,2200
1024,Volkswagen,Polo,эконом,1500
1025,Chevrolet,Spark,эконом,1350
1026,Lada,Granta,эконом,1600
1027,Suzuki,Alto,эконом,1450
1028,Suzuki,Alto,эконом,1600
1029,Nissan,Qashqai,комфорт+,2050
1030,Lada,Granta,эконом,1300
1031,Geely,MK,эконом,1650
1032,Suzuki,Alto,эконом,1350
1033,Datsun,on-DO,эконом,1500
1034,Kia,Rio,эконом,1200
1035,Hyundai,Solaris,эконом,1600
1036,Datsun,on-DO,эконом,1650
1037,Daewoo,Matiz,эконом,1200
1038,Hyundai,Solaris,эконом,1200
1039,Citroen,C4,комфорт,2000
1040,Skoda,Rapid,комфорт,1800
1041,Toyota,Corolla,комфорт,1750
1042,Honda,Accord,комфорт+,2550
1043,Lada,Granta,эконом,1450
1044,Geely,Atlas,комфорт+,2850
1045,Mazda,6,комфорт+,2900
1046,Volkswagen,Polo,эконом,1700
1047,Suzuki,Alto,эконом,1600
1048,Lada,Granta,эконом,1200
1049,Hyundai,Solaris,эконом,1450
1050,Hyundai,Solaris,эконом,1450
1051,Chevrolet,Spark,эконом,1650
1052,Chevrolet,Spark,эконом,1250
1053,Nissan,Qashqai,комфорт+,3100
1054,Volkswagen,Polo,эконом,1350
1055,Kia,Rio,эконом,1250
1056,Volkswagen,Polo,эконом,1350
1057,Toyota,Camry,комфорт+,2750
1058,Toyota,Corolla,комфорт,1650
1059,Fiat,Panda,эконом,1400
1060,Honda,Civic,комфорт,1650
1061,Chery,Tiggo 2,эконом,1350
1062,Hyundai,Solaris,эконом,1300
1063,Honda,Civic,комфорт,2050
1064,Lada,Granta,эконом,1200
1065,Daewoo,Matiz,эконом,1600
1066,Kia,Rio,эконом,1600
1067,Mazda,6,комфорт+,3350
1068,Citroen,C4,комфорт,1600
1069,Lada,Granta,эконом,1300
1070,Peugeot,508,комфорт+,3000
1071,Mazda,6,комфорт+,2900
1072,Kia,Rio,эконом,1400
1073,Volkswagen,Polo,эконом,1700
1074,Subaru,Outback,комфорт+,3350
1075,Fiat,Panda,эконом,1300
1076,Datsun,on-DO,эконом,1400
1077,Mazda,3,комфорт,1750
1078,Fiat,Panda,эконом,1300
1079,Volkswagen,Jetta,комфорт,1850
1080,Skoda,Rapid,комфорт,1800
1081,Geely,MK,эконом,1350
1082,Volkswagen,Polo,эконом,1650
1083,Toyota,Camry,комфорт+,2700
1084,Chery,Tiggo 2,эконом,1400
1085,Hyundai,Solaris,эконом,1400
1086,Geely,MK,эконом,1350
1087,Volkswagen,Polo,эконом,1350
1088,Chery,Tiggo 2,эконом,1700
1089,Lada,Granta,эконом,1200
1090,Datsun,on-DO,эконом,1450
1091,Suzuki,Alto,эконом,1700
1092,Honda,Accord,комфорт+,3150
1093,Hyundai,Solaris,эконом,1800
1094,Hyundai,Solaris,эконом,1600
1095,Geely,Emgrand,комфорт,2450
1096,Lada,Granta,эконом,1700
1097,Geely,Atlas,комфорт+,3500
1098,Datsun,on-DO,эконом,1800
1099,Geely,MK,эконом,1550
1100,Datsun,on-DO,эконом,1550
1101,Daewoo,Matiz,эконом,1200
1102,Fiat,Panda,эконом,1600
1103,Volkswagen,Polo,эконом,1400
1104,Datsun,on-DO,эконом,1250
1105,Ford,Mondeo,комфорт+,2250
1106,Chery,Tiggo 4,комфорт,1700
1107,Lada,Granta,эконом,1400
1108,Volkswagen,Polo,эконом,1450
1109,Chevrolet,Spark,эконом,1800
1110,Datsun,on-DO,эконом,1350
1111,Volkswagen,Passat,комфорт+,2800
1112,Renault,Logan,эконом,1550
1113,Lada,Granta,эконом,1750
1114,Mazda,6,комфорт+,2600
1115,Hyundai,Elantra,комфорт,2050
1116,Kia,Rio,эконом,1250
1117,Volkswagen,Polo,эконом,1350
1118,Fiat,Panda,эконом,1750
1119,Datsun,on-DO,эконом,1600
1120,Chevrolet,Spark,эконом,1350
1121,Volkswagen,Polo,эконом,1450
1122,Chery,Tiggo 2,эконом,1250
1123,Mitsubishi,Outlander,комфорт+,2700
1124,Skoda,Rapid,комфорт,2500
1125,Lada,Granta,эконом,1200
1126,Volkswagen,Polo,эконом,1600
1127,Hyundai,Solaris,эконом,1550
1128,Renault,Logan,эконом,1200
1129,Geely,MK,эконом,1600
1130,Honda,Accord,комфорт+,2700
1131,Chevrolet,Spark,эконом,1550
1132,Chevrolet,Spark,эконом,1300
1133,Chevrolet,Spark,эконом,1800
1134,Geely,Atlas,комфорт+,2550
1135,Fiat,Panda,эконом,1750
1136,Fiat,Panda,эконом,1650
1137,Volkswagen,Polo,эконом,1750
1138,Fiat,Panda,эконом,1300
1139,Skoda,Octavia,комфорт+,2950
1140,Citroen,C4,комфорт,1800
1141,Toyota,Corolla,комфорт,1750
1142,Kia,Rio,эконом,1700
1143,Geely,Emgrand,комфорт,1750
1144,Kia,Rio,эконом,1400
1145,Geely,Emgrand,комфорт,2350
1146,Volkswagen,Polo,эконом,1500
1147,Geely,Atlas,комфорт+,3450
1148,Volkswagen,Polo,эконом,1250
1149,Suzuki,Alto,эконом,1350
1150,Hyundai,Solaris,эконом,1450
1151,Chevrolet,Spark,эконом,1550
1152,Renault,Logan,эконом,1450
1153,Chery,Tiggo 2,эконом,1800
1154,Peugeot,408,комфорт,1600
1155,Renault,Logan,эконом,1300
1156,Hyundai,Solaris,эконом,1400
1157,Geely,MK,эконом,1400
1158,Chery,Tiggo 2,эконом,1800
1159,Suzuki,Alto,эконом,1400
1160,Daewoo,Matiz,эконом,1700
1161,Toyota,Camry,комфорт+,2300
1162,Chery,Tiggo 7,комфорт+,2250
1163,Chevrolet,Spark,эконом,1450
1164,Lada,Granta,эконом,1400
1165,Volkswagen,Polo,эконом,1200
1166,Chery,Tiggo 4,комфорт,1950
1167,Chevrolet,Spark,эконом,1650
1168,Volkswagen,Polo,эконом,1450
1169,Suzuki,Alto,эконом,1200
1170,Mazda,6,комфорт+,2950
1171,Hyundai,Elantra,комфорт,1700
1172,Volkswagen,Polo,эконом,1600
1173,Opel,Astra,комфорт,2400
1174,Geely,Emgrand,комфорт,1700
1175,Citroen,C4,комфорт,2000
1176,Chevrolet,Spark,эконом,1300
1177,Lada,Granta,эконом,1400
1178,Citroen,C4,комфорт,2000
1179,Daewoo,Matiz,эконом,1400
1180,Kia,Rio,эконом,1600
1181,Citroen,C4,комфорт,2200
1182,Toyota,Corolla,комфорт,1800
1183,Volkswagen,Polo,эконом,1800
1184,Kia,Rio,эконом,1800
1185,Hyundai,Solaris,эконом,1350
1186,Geely,Emgrand,комфорт,2500
1187,Volkswagen,Jetta,комфорт,1850
1188,Toyota,Camry,комфорт+,3150
1189,Geely,MK,эконом,1550
1190,Renault,Logan,эконом,1400
1191,Mitsubishi,Outlander,комфорт+,2750
1192,Chery,Tiggo 2,эконом,1600
1193,Chery,Tiggo 7,комфорт+,2000
1194,Mazda,3,комфорт,2300
1195,Kia,Optima,комфорт,2350
1196,Suzuki,Alto,эконом,1200
1197,Kia,Rio,эконом,1450
1198,Skoda,Octavia,комфорт+,2100
1199,Daewoo,Matiz,эконом,1550
1200,Opel,Astra,комфорт,1950
1201,Chevrolet,Spark,эконом,1500
1202,Chery,Tiggo 4,комфорт,2300
1203,Skoda,Octavia,комфорт+,3200
1204,Geely,Emgrand,комфорт,2500
1205,Hyundai,Solaris,эконом,1200
1206,Geely,MK,эконом,1600
1207,Suzuki,Alto,эконом,1250
1208,Volkswagen,Passat,комфорт+,2700
1209,Opel,Astra,комфорт,1750
1210,Volkswagen,Polo,эконом,1500
1211,Chery,Tiggo 2,эконом,1750
1212,Volkswagen,Polo,эконом,1800
1213,Geely,MK,эконом,1750
1214,Chevrolet,Spark,эконом,1700
1215,Peugeot,408,комфорт,2200
1216,Chevrolet,Spark,эконом,1550
1217,Volkswagen,Polo,эконом,1500
1218,Honda,Accord,комфорт+,2950
1219,Mitsubishi,Outlander,комфорт+,3250
1220,Hyundai,Elantra,комфорт,1700
1221,Ford,Mondeo,комфорт+,3000
1222,Mazda,6,комфорт+,3150
1223,Fiat,Panda,эконом,1550
1224,Citroen,C4,комфорт,2350
1225,Lada,Granta,эконом,1500
1226,Volkswagen,Polo,эконом,1550
1227,Volkswagen,Passat,комфорт+,2600
1228,Volkswagen,Polo,эконом,1650
1229,Datsun,on-DO,эконом,1550
1230,Subaru,Outback,комфорт+,2400
1231,Chevrolet,Spark,эконом,1700
1232,Hyundai,Solaris,эконом,1550
1233,Mazda,3,комфорт,2450
1234,Hyundai,Elantra,комфорт,2450
1235,Kia,Rio,эконом,1350
1236,Hyundai,Solaris,эконом,1250
1237,Volkswagen,Polo,эконом,1250
1238,Skoda,Octavia,комфорт+,2300
1239,Mitsubishi,Outlander,комфорт+,2100
1240,Kia,Rio,эконом,1600
1241,Chery,Tiggo 4,комфорт,2250
1242,Fiat,Panda,эконом,1250
1243,Chevrolet,Spark,эконом,1700
1244,Datsun,on-DO,эконом,1550
1245,Chery,Tiggo 2,эконом,1400
1246,Renault,Logan,эконом,1200
1247,Lada,Granta,эконом,1800
1248,Suzuki,Alto,эконом,1350
1249,Lada,Granta,эконом,1400
1250,Kia,Rio,эконом,1600
1251,Peugeot,408,комфорт,2050
1252,Opel,Astra,комфорт,1650
1253,Volkswagen,Polo,эконом,1600
1254,Subaru,Outback,комфорт+,2300
1255,Citroen,C4,комфорт,2250
1256,Suzuki,Alto,эконом,1550
1257,Volkswagen,Jetta,комфорт,2500
1258,Suzuki,Alto,эконом,1450
1259,Mitsubishi,Outlander,комфорт+,2550
1260,Datsun,on-DO,эконом,1750
1261,Chery,Tiggo 2,эконом,1750
1262,Hyundai,Solaris,эконом,1450
1263,Renault,Logan,эконом,1600
1264,Mitsubishi,Outlander,комфорт+,2200
1265,Geely,MK,эконом,1200
1266,Kia,Rio,эконом,1500
1267,Geely,Atlas,комфорт+,2800
1268,Daewoo,Matiz,эконом,1500
1269,Lada,Granta,эконом,1750
1270,Chery,Tiggo 2,эконом,1800
1271,Hyundai,Solaris,эконом,1750
1272,Hyundai,Solaris,эконом,1700
1273,Geely,MK,эконом,1500
1274,Volkswagen,Jetta,комфорт,1950
1275,Volkswagen,Polo,эконом,1400
1276,Daewoo,Matiz,эконом,1750
1277,Chery,Tiggo 2,эконом,1200
1278,Lada,Granta,эконом,1750
1279,Skoda,Octavia,комфорт+,3300
1280,Mazda,3,комфорт,2500
1281,Chery,Tiggo 2,эконом,1200
1282,Daewoo,Matiz,эконом,1450
1283,Chery,Tiggo 7,комфорт+,3000
1284,Geely,Emgrand,комфорт,1900
1285,Nissan,Qashqai,комфорт+,2350
1286,Toyota,Camry,комфорт+,2650
1287,Volkswagen,Polo,эконом,1200
1288,Kia,Optima,комфорт,1800
1289,Renault,Logan,эконом,1300
1290,Kia,Optima,комфорт,2000
1291,Kia,Rio,эконом,1550
1292,Renault,Logan,эконом,1450
1293,Nissan,Qashqai,комфорт+,3400
1294,Hyundai,Elantra,комфорт,2300
1295,Chevrolet,Spark,эконом,1250
1296,Chery,Tiggo 2,эконом,1700
1297,Fiat,Panda,эконом,1750
1298,Volkswagen,Jetta,комфорт,1850
1299,Daewoo,Matiz,эконом,1250
1300,Volkswagen,Polo,эконом,1250
1301,Peugeot,408,комфорт,2050
1302,Renault,Logan,эконом,1200
1303,Datsun,on-DO,эконом,1350
1304,Hyundai,Solaris,эконом,1600
1305,Subaru,Outback,комфорт+,3000
1306,Toyota,Camry,комфорт+,2950
1307,Suzuki,Alto,эконом,1800
1308,Suzuki,Alto,эконом,1200
1309,Volkswagen,Polo,эконом,1700
1310,Renault,Logan,эконом,1650
1311,Volkswagen,Polo,эконом,1400
1312,Geely,MK,эконом,1350
1313,Volkswagen,Polo,эконом,1750
1314,Ford,Mondeo,комфорт+,2250
1315,Subaru,Outback,комфорт+,2000
1316,Hyundai,Elantra,комфорт,1700
1317,Kia,Rio,эконом,1200
1318,Toyota,Camry,комфорт+,2750
1319,Hyundai,Solaris,эконом,1500
1320,Geely,Emgrand,комфорт,2500
1321,Hyundai,Solaris,эконом,1350
1322,Fiat,Panda,эконом,1200
1323,Lada,Granta,эконом,1800
1324,Fiat,Panda,эконом,1750
1325,Kia,Rio,эконом,1200
1326,Geely,Atlas,комфорт+,3300
1327,Lada,Granta,эконом,1600
1328,Daewoo,Matiz,эконом,1550
1329,Kia,Rio,эконом,1400
1330,Hyundai,Solaris,эконом,1200
1331,Honda,Civic,комфорт,2500
1332,Chery,Tiggo 2,эконом,1350
1333,Chevrolet,Spark,эконом,1700
1334,Peugeot,508,комфорт+,2800
1335,Citroen,C4,комфорт,2350
1336,Opel,Astra,комфорт,1700
1337,Chevrolet,Spark,эконом,1550
1338,Opel,Astra,комфорт,2450
1339,Kia,Rio,эконом,1750
1340,Chery,Tiggo 2,эконом,1350
1341,Chery,Tiggo 2,эконом,1800
1342,Kia,Rio,эконом,1350
1343,Hyundai,Solaris,эконом,1750
1344,Kia,Rio,эконом,1500
1345,Hyundai,Solaris,эконом,1400
1346,Geely,MK,эконом,1350
1347,Kia,Rio,эконом,1600
1348,Subaru,Outback,комфорт+,3100
1349,Geely,MK,эконом,1800
1350,Fiat,Panda,эконом,1600
1351,Chevrolet,Spark,эконом,1250
1352,Chery,Tiggo 7,комфорт+,3050
1353,Chery,Tiggo 2,эконом,1650
1354,Opel,Astra,комфорт,2350
1355,Chevrolet,Spark,эконом,1250
1356,Daewoo,Matiz,эконом,1600
1357,Kia,Rio,эконом,1550
1358,Honda,Civic,комфорт,1650
1359,Volkswagen,Polo,эконом,1550
1360,Daewoo,Matiz,эконом,1300
1361,Kia,Rio,эконом,1350
1362,Honda,Accord,комфорт+,2400
1363,Chery,Tiggo 2,эконом,1700
1364,Geely,MK,эконом,1550
1365,Fiat,Panda,эконом,1400
1366,Suzuki,Alto,эконом,1500
1367,Honda,Accord,комфорт+,3400
1368,Nissan,Qashqai,комфорт+,3250
1369,Renault,Logan,эконом,1750
1370,Subaru,Outback,комфорт+,3300
1371,Daewoo,Matiz,эконом,1800
1372,Chery,Tiggo 7,комфорт+,3300
1373,Suzuki,Alto,эконом,1650
1374,Mazda,6,комфорт+,3100
1375,Renault,Logan,эконом,1650
1376,Mazda,3,комфорт,2350
1377,Nissan,Qashqai,комфорт+,3400
1378,Volkswagen,Passat,комфорт+,2950
1379,Peugeot,408,комфорт,2400
1380,Opel,Astra,комфорт,2050
1381,Chevrolet,Spark,эконом,1200
1382,Peugeot,408,комфорт,2400
1383,Chevrolet,Spark,эконом,1700
1384,Fiat,Panda,эконом,1400
1385,Citroen,C4,комфорт,2050
1386,Mazda,3,комфорт,2300
1387,Volkswagen,Polo,эконом,1450
1388,Geely,Atlas,комфорт+,2650
1389,Geely,Atlas,комфорт+,2250
1390,Hyundai,Elantra,комфорт,1800
1391,Geely,MK,эконом,1750
1392,Geely,MK,эконом,1450
1393,Suzuki,Alto,эконом,1200
1394,Lada,Granta,эконом,1400
1395,Suzuki,Alto,эконом,1450
1396,Skoda,Octavia,комфорт+,2150
1397,Lada,Granta,эконом,1700
1398,Hyundai,Solaris,эконом,1600
1399,Suzuki,Alto,эконом,1650
1400,Volkswagen,Polo,эконом,1250
1401,Renault,Logan,эконом,1750
1402,Opel,Astra,комфорт,2000
1403,Chery,Tiggo 2,эконом,1550
1404,Lada,Granta,эконом,1200
1405,Chevrolet,Spark,эконом,1550
1406,Chevrolet,Spark,эконом,1350
1407,Geely,Emgrand,комфорт,1800
1408,Chery,Tiggo 7,комфорт+,2450
1409,Geely,MK,эконом,1450
1410,Datsun,on-DO,эконом,1800
1411,Volkswagen,Polo,эконом,1250
1412,Peugeot,408,комфорт,1800
1413,Opel,Astra,комфорт,2100
1414,Datsun,on-DO,эконом,1800
1415,Renault,Logan,эконом,1450
1416,Hyundai,Solaris,эконом,1700
1417,Skoda,Rapid,комфорт,2200
1418,Volkswagen,Jetta,комфорт,2000
1419,Geely,Emgrand,комфорт,1950
1420,Chevrolet,Spark,эконом,1500
1421,Daewoo,Matiz,эконом,1800
1422,Peugeot,508,комфорт+,2400
1423,Hyundai,Solaris,эконом,1600
1424,Mazda,6,комфорт+,2050
1425,Chery,Tiggo 4,комфорт,2050
1426,Volkswagen,Polo,эконом,1600
1427,Geely,MK,эконом,1450
1428,Datsun,on-DO,эконом,1300
1429,Renault,Logan,эконом,1700
1430,Renault,Logan,эконом,1750
1431,Hyundai,Solaris,эконом,1300
1432,Chery,Tiggo 2,эконом,1450
1433,Renault,Logan,эконом,1750
1434,Fiat,Panda,эконом,1650
1435,Subaru,Outback,комфорт+,3500
1436,Volkswagen,Passat,комфорт+,3350
1437,Mazda,3,комфорт,1850
1438,Geely,MK,эконом,1800
1439,Geely,Emgrand,комфорт,1650
1440,Daewoo,Matiz,эконом,1650
1441,Kia,Rio,эконом,1800
1442,Datsun,on-DO,эконом,1350
1443,Geely,Emgrand,комфорт,1700
1444,Chery,Tiggo 2,эконом,1250
1445,Chevrolet,Spark,эконом,1600
1446,Mazda,6,комфорт+,2450
1447,Mazda,6,комфорт+,2700
1448,Kia,Optima,комфорт,1600
1449,Mazda,6,комфорт+,2950
1450,Mazda,6,комфорт+,2600
1451,Honda,Accord,комфорт+,2200
1452,Daewoo,Matiz,эконом,1450
1453,Mazda,3,комфорт,2150
1454,Suzuki,Alto,эконом,1400
1455,Lada,Granta,эконом,1700
1456,Chevrolet,Spark,эконом,1600
1457,Volkswagen,Polo,эконом,1350
1458,Hyundai,Solaris,эконом,1750
1459,Hyundai,Elantra,комфорт,2450
1460,Nissan,Qashqai,комфорт+,2050
1461,Fiat,Panda,эконом,1750
1462,Chery,Tiggo 2,эконом,1650
1463,Geely,MK,эконом,1550
1464,Suzuki,Alto,эконом,1450
1465,Hyundai,Elantra,комфорт,1900
1466,Lada,Granta,эконом,1800
1467,Citroen,C4,комфорт,1650
1468,Chery,Tiggo 2,эконом,1750
1469,Opel,Astra,комфорт,2000
1470,Skoda,Octavia,комфорт+,2900
1471,Renault,Logan,эконом,1500
1472,Toyota,Corolla,комфорт,1950
1473,Honda,Accord,комфорт+,2600
1474,Lada,Granta,эконом,1800
1475,Chevrolet,Spark,эконом,1250
1476,Geely,Emgrand,комфорт,1950
1477,Kia,Rio,эконом,1600
1478,Mazda,3,комфорт,1750
1479,Chery,Tiggo 2,эконом,1400
1480,Nissan,Qashqai,комфорт+,2700
1481,Hyundai,Solaris,эконом,1300
1482,Suzuki,Alto,эконом,1200
1483,Kia,Optima,комфорт,1950
1484,Chevrolet,Spark,эконом,1750
1485,Geely,MK,эконом,1250
1486,Lada,Granta,эконом,1500
1487,Chery,Tiggo 2,эконом,1500
1488,Suzuki,Alto,эконом,1650
1489,Suzuki,Alto,эконом,1600
1490,Volkswagen,Jetta,комфорт,2450
1491,Datsun,on-DO,эконом,1400
1492,Volkswagen,Polo,эконом,1800
1493,Honda,Accord,комфорт+,3500
1494,Volkswagen,Polo,эконом,1200
1495,Lada,Granta,эконом,1800
1496,Datsun,on-DO,эконом,1750
1497,Lada,Granta,эконом,1200
1498,Renault,Logan,эконом,1800
1499,Volkswagen,Jetta,комфорт,1950
1500,Peugeot,508,комфорт+,2400
1501,Lada,Granta,эконом,1600
1502,Renault,Logan,эконом,1250
1503,Ford,Mondeo,комфорт+,2600
1504,Chevrolet,Spark,эконом,1350
1505,Opel,Astra,комфорт,2100
1506,Lada,Granta,эконом,1200
1507,Renault,Logan,эконом,1800
1508,Honda,Accord,комфорт+,2550
1509,Opel,Astra,комфорт,2250
1510,Fiat,Panda,эконом,1350
1511,Fiat,Panda,эконом,1600
1512,Datsun,on-DO,эконом,1300
1513,Toyota,Camry,комфорт+,3450
1514,Chery,Tiggo 7,комфорт+,3100
1515,Suzuki,Alto,эконом,1300
1516,Opel,Astra,комфорт,2050
1517,Toyota,Corolla,комфорт,1950
1518,Datsun,on-DO,эконом,1500
1519,Chevrolet,Spark,эконом,1400
1520,Suzuki,Alto,эконом,1250
1521,Chery,Tiggo 2,эконом,1400
1522,Volkswagen,Jetta,комфорт,2500
1523,Volkswagen,Jetta,комфорт,2300
1524,Kia,Rio,эконом,1700
1525,Peugeot,508,комфорт+,3450
1526,Mazda,6,комфорт+,3100
1527,Volkswagen,Polo,эконом,1650
1528,Lada,Granta,эконом,1600
1529,Chery,Tiggo 2,эконом,1350
1530,Suzuki,Alto,эконом,1550
1531,Hyundai,Solaris,эконом,1400
1532,Peugeot,408,комфорт,2400
1533,Skoda,Octavia,комфорт+,3200
1534,Lada,Granta,эконом,1700
1535,Fiat,Panda,эконом,1400
1536,Mazda,3,комфорт,1600
1537,Chery,Tiggo 4,комфорт,1700
1538,Chevrolet,Spark,эконом,1600
1539,Honda,Civic,комфорт,2400
1540,Mitsubishi,Outlander,комфорт+,2000
1541,Chery,Tiggo 2,эконом,1800
1542,Peugeot,508,комфорт+,2100
1543,Volkswagen,Polo,эконом,1400
1544,Honda,Civic,комфорт,1900
1545,Skoda,Rapid,комфорт,1800
1546,Datsun,on-DO,эконом,1650
1547,Daewoo,Matiz,эконом,1800
1548,Fiat,Panda,эконом,1450
1549,Suzuki,Alto,эконом,1500
1550,Volkswagen,Polo,эконом,1800
1551,Datsun,on-DO,эконом,1500
1552,Peugeot,408,комфорт,2150
1553,Chery,Tiggo 2,эконом,1400
1554,Daewoo,Matiz,эконом,1400
1555,Peugeot,408,комфорт,2250
1556,Geely,Emgrand,комфорт,2200
1557,Mazda,3,комфорт,2250
1558,Nissan,Qashqai,комфорт+,2700
1559,Skoda,Octavia,комфорт+,3100
1560,Volkswagen,Passat,комфорт+,2250
1561,Renault,Logan,эконом,1700
1562,Ford,Mondeo,комфорт+,2650
1563,Fiat,Panda,эконом,1300
1564,Kia,Rio,эконом,1750
1565,Datsun,on-DO,эконом,1750
1566,Renault,Logan,эконом,1750
1567,Volkswagen,Polo,эконом,1650
1568,Datsun,on-DO,эконом,1350
1569,Toyota,Corolla,комфорт,2400
1570,Kia,Rio,эконом,1450
1571,Volkswagen,Jetta,комфорт,1650
1572,Mazda,3,комфорт,1800
1573,Subaru,Outback,комфорт+,2000
1574,Volkswagen,Jetta,комфорт,1600
1575,Ford,Mondeo,комфорт+,2950
1576,Suzuki,Alto,эконом,1400
1577,Renault,Logan,эконом,1600
1578,Chery,Tiggo 4,комфорт,2450
1579,Kia,Rio,эконом,1550
1580,Chery,Tiggo 2,эконом,1350
1581,Chevrolet,Spark,эконом,1800
1582,Geely,Atlas,комфорт+,3350
1583,Geely,Atlas,комфорт+,2250
1584,Skoda,Octavia,комфорт+,2450
1585,Chery,Tiggo 2,эконом,1200
1586,Subaru,Outback,комфорт+,2150
1587,Chery,Tiggo 4,комфорт,1900
1588,Datsun,on-DO,эконом,1750
1589,Mazda,3,комфорт,1900
1590,Mazda,6,комфорт+,2450
1591,Chevrolet,Spark,эконом,1400
1592,Geely,Atlas,комфорт+,2400
1593,Daewoo,Matiz,эконом,1350
1594,Chevrolet,Spark,эконом,1350
1595,Honda,Accord,комфорт+,2150
1596,Daewoo,Matiz,эконом,1350
1597,Renault,Logan,эконом,1200
1598,Renault,Logan,эконом,1350
1599,Hyundai,Elantra,комфорт,1700
1600,Kia,Rio,эконом,1350
1601,Chevrolet,Spark,эконом,1450
1602,Hyundai,Solaris,эконом,1550
1603,Kia,Rio,эконом,1400
1604,Fiat,Panda,эконом,1650
1605,Geely,MK,эконом,1700
1606,Mazda,3,комфорт,1800
1607,Geely,MK,эконом,1300
1608,Datsun,on-DO,эконом,1450
1609,Volkswagen,Polo,эконом,1350
1610,Mazda,6,комфорт+,2000
1611,Kia,Rio,эконом,1200
1612,Hyundai,Solaris,эконом,1700
1613,Suzuki,Alto,эконом,1250
1614,Datsun,on-DO,эконом,1750
1615,Suzuki,Alto,эконом,1400
1616,Chevrolet,Spark,эконом,1350
1617,Chery,Tiggo 2,эконом,1550
1618,Datsun,on-DO,эконом,1350
1619,Skoda,Octavia,комфорт+,3300
1620,Lada,Granta,эконом,1400
1621,Toyota,Camry,комфорт+,2350
1622,Volkswagen,Jetta,комфорт,1900
1623,Datsun,on-DO,эконом,1250
1624,Volkswagen,Polo,эконом,1750
1625,Volkswagen,Polo,эконом,1200
1626,Daewoo,Matiz,эконом,1550
1627,Skoda,Octavia,комфорт+,3150
1628,Suzuki,Alto,эконом,1400
1629,Chevrolet,Spark,эконом,1800
1630,Geely,Atlas,комфорт+,3250
1631,Honda,Accord,комфорт+,3000
1632,Chery,Tiggo 7,комфорт+,2200
1633,Mazda,6,комфорт+,2200
1634,Kia,Optima,комфорт,1700
1635,Fiat,Panda,эконом,1750
1636,Geely,MK,эконом,1450
1637,Toyota,Camry,комфорт+,3050
1638,Volkswagen,Passat,комфорт+,3050
1639,Fiat,Panda,эконом,1750
1640,Hyundai,Solaris,эконом,1550
1641,Daewoo,Matiz,эконом,1350
1642,Mitsubishi,Outlander,комфорт+,2950
1643,Mitsubishi,Outlander,комфорт+,2850
1644,Datsun,on-DO,эконом,1350
1645,Mazda,6,комфорт+,2700
1646,Hyundai,Elantra,комфорт,2350
1647,Kia,Rio,эконом,1450
1648,Chery,Tiggo 4,комфорт,1600
1649,Ford,Mondeo,комфорт+,2450
1650,Volkswagen,Passat,комфорт+,2700
1651,Volkswagen,Polo,эконом,1300
1652,Lada,Granta,эконом,1200
1653,Geely,MK,эконом,1300
1654,Volkswagen,Polo,эконом,1500
1655,Mazda,3,комфорт,2400
1656,Chery,Tiggo 2,эконом,1350
1657,Renault,Logan,эконом,1250
1658,Volkswagen,Polo,эконом,1800
1659,Mitsubishi,Outlander,комфорт+,3200
1660,Nissan,Qashqai,комфорт+,3200
1661,Volkswagen,Polo,эконом,1550
1662,Volkswagen,Polo,эконом,1300
1663,Geely,Atlas,комфорт+,2600
1664,Skoda,Octavia,комфорт+,2450
1665,Renault,Logan,эконом,1500
1666,Datsun,on-DO,эконом,1350
1667,Daewoo,Matiz,эконом,1350
1668,Honda,Accord,комфорт+,3300
1669,Hyundai,Solaris,эконом,1750
1670,Hyundai,Solaris,эконом,1450
1671,Lada,Granta,эконом,1750
1672,Volkswagen,Jetta,комфорт,2200
1673,Datsun,on-DO,эконом,1700
1674,Skoda,Octavia,комфорт+,3250
1675,Mazda,6,комфорт+,3500
1676,Honda,Accord,комфорт+,2750
1677,Subaru,Outback,комфорт+,2550
1678,Kia,Optima,комфорт,1800
1679,Suzuki,Alto,эконом,1750
1680,Geely,MK,эконом,1300
1681,Honda,Civic,комфорт,2200
1682,Toyota,Corolla,комфорт,2000
1683,Chery,Tiggo 4,комфорт,1850
1684,Geely,Atlas,комфорт+,3250
1685,Chery,Tiggo 2,эконом,1350
1686,Suzuki,Alto,эконом,1250
1687,Chery,Tiggo 2,эконом,1450
1688,Citroen,C4,комфорт,1600
1689,Lada,Granta,эконом,1350
1690,Volkswagen,Jetta,комфорт,2050
1691,Chery,Tiggo 2,эконом,1600
1692,Hyundai,Solaris,эконом,1350
1693,Geely,MK,эконом,1750
1694,Hyundai,Solaris,эконом,1400
1695,Kia,Rio,эконом,1450
1696,Geely,MK,эконом,1400
1697,Peugeot,508,комфорт+,2400
1698,Renault,Logan,эконом,1200
1699,Nissan,Qashqai,комфорт+,2400
1700,Geely,Atlas,комфорт+,3400
1701,Volkswagen,Polo,эконом,1800
1702,Chevrolet,Spark,эконом,1300
1703,Daewoo,Matiz,эконом,1250
1704,Datsun,on-DO,эконом,1600
1705,Peugeot,508,комфорт+,3000
1706,Toyota,Camry,комфорт+,2250
1707,Datsun,on-DO,эконом,1750
1708,Geely,MK,эконом,1300
1709,Skoda,Rapid,комфорт,1700
1710,Peugeot,408,комфорт,1600
1711,Geely,MK,эконом,1600
1712,Geely,MK,эконом,1400
1713,Kia,Optima,комфорт,1850
1714,Chevrolet,Spark,эконом,1600
1715,Chevrolet,Spark,эконом,1450
1716,Geely,MK,эконом,1600
1717,Honda,Accord,комфорт+,2400
1718,Chery,Tiggo 2,эконом,1550
1719,Toyota,Corolla,комфорт,1750
1720,Mitsubishi,Outlander,комфорт+,2950
1721,Chevrolet,Spark,эконом,1750
1722,Honda,Accord,комфорт+,2650
1723,Geely,MK,эконом,1700
1724,Geely,MK,эконом,1450
1725,Daewoo,Matiz,эконом,1200
1726,Hyundai,Solaris,эконом,1400
1727,Peugeot,408,комфорт,2300
1728,Peugeot,408,комфорт,1650
1729,Hyundai,Elantra,комфорт,2250
1730,Nissan,Qashqai,комфорт+,2400
1731,Skoda,Octavia,комфорт+,2300
1732,Lada,Granta,эконом,1350
1733,Toyota,Corolla,комфорт,1650
1734,Chery,Tiggo 2,эконом,1200
1735,Lada,Granta,эконом,1500
1736,Datsun,on-DO,эконом,1200
1737,Suzuki,Alto,эконом,1300
1738,Hyundai,Solaris,эконом,1450
1739,Suzuki,Alto,эконом,1500
1740,Daewoo,Matiz,эконом,1550
1741,Hyundai,Solaris,эконом,1500
1742,Peugeot,408,комфорт,2200
1743,Datsun,on-DO,эконом,1400
1744,Kia,Optima,комфорт,1600
1745,Fiat,Panda,эконом,1450
1746,Mazda,3,комфорт,2350
1747,Datsun,on-DO,эконом,1500
1748,Chevrolet,Spark,эконом,1800
1749,Peugeot,408,комфорт,2200
1750,Toyota,Corolla,комфорт,2250
1751,Geely,Atlas,комфорт+,2500
1752,Daewoo,Matiz,эконом,1300
1753,Datsun,on-DO,эконом,1600
1754,Nissan,Qashqai,комфорт+,3300
1755,Kia,Rio,эконом,1700
1756,Volkswagen,Jetta,комфорт,2400
1757,Honda,Civic,комфорт,2250
1758,Peugeot,408,комфорт,1950
1759,Daewoo,Matiz,эконом,1550
1760,Hyundai,Solaris,эконом,1800
1761,Daewoo,Matiz,эконом,1250
1762,Lada,Granta,эконом,1400
1763,Opel,Astra,комфорт,2200
1764,Renault,Logan,эконом,1600
1765,Kia,Rio,эконом,1350
1766,Volkswagen,Polo,эконом,1600
1767,Kia,Optima,комфорт,1900
1768,Fiat,Panda,эконом,1400
1769,Ford,Mondeo,комфорт+,3500
1770,Fiat,Panda,эконом,1650
1771,Renault,Logan,эконом,1350
1772,Opel,Astra,комфорт,1600
1773,Geely,MK,эконом,1750
1774,Hyundai,Solaris,эконом,1750
1775,Honda,Accord,комфорт+,2600
1776,Suzuki,Alto,эконом,1800
1777,Nissan,Qashqai,комфорт+,3350
1778,Mazda,6,комфорт+,2200
1779,Volkswagen,Polo,эконом,1450
1780,Daewoo,Matiz,эконом,1700
1781,Mazda,6,комфорт+,3250
1782,Geely,MK,эконом,1550
1783,Volkswagen,Polo,эконом,1200
1784,Lada,Granta,эконом,1600
1785,Skoda,Octavia,комфорт+,2850
1786,Chery,Tiggo 2,эконом,1300
1787,Volkswagen,Polo,эконом,1550
1788,Kia,Optima,комфорт,2400
1789,Geely,MK,эконом,1650
1790,Honda,Accord,комфорт+,2200
1791,Kia,Rio,эконом,1500
1792,Lada,Granta,эконом,1400
1793,Chery,Tiggo 7,комфорт+,3250
1794,Toyota,Camry,комфорт+,2100
1795,Mazda,3,комфорт,2400
1796,Toyota,Camry,комфорт+,2100
1797,Chevrolet,Spark,эконом,1800
1798,Honda,Civic,комфорт,2000
1799,Citroen,C4,комфорт,1650
1800,Geely,MK,эконом,1650
1801,Chevrolet,Spark,эконом,1200
1802,Renault,Logan,эконом,1450
1803,Kia,Rio,эконом,1750
1804,Honda,Accord,комфорт+,3050
1805,Lada,Granta,эконом,1750
1806,Geely,MK,эконом,1250
1807,Chery,Tiggo 4,комфорт,2500
1808,Datsun,on-DO,эконом,1450
1809,Renault,Logan,эконом,1700
1810,Lada,Granta,эконом,1700
1811,Peugeot,508,комфорт+,3400
1812,Chery,Tiggo 2,эконом,1750
1813,Kia,Rio,эконом,1650
